<?xml version = '1.0' encoding = 'UTF-8'?>
<Relation class="oracle.dbtools.crest.model.design.logical.Relation" name="Relation_21" directorySegmentName="seg_0" id="115968C1-3EE0-261C-588F-392E3B17DE8C">
<createdBy>leomg</createdBy>
<createdTime>2020-05-05 22:45:10 UTC</createdTime>
<ownerDesignName>modelo_relacional</ownerDesignName>
<engineerTo>
<item key="784B2550-A4EE-D540-0102-320698221025" value="true"/>
</engineerTo>
<sourcePk>555BBA33-D6F2-B1CC-3649-0F2281420125</sourcePk>
<identifying>false</identifying>
<optionalSource>true</optionalSource>
<optionalTarget>false</optionalTarget>
<sourceCardinality>1</sourceCardinality>
<sourceEntity>7A8A9E3C-8E8F-E1A9-DF6F-53F63278F275</sourceEntity>
<targetCardinalityString>*</targetCardinalityString>
<targetEntity>BE39BD59-2DF4-0ED6-5B64-D7CCA0EBA4C3</targetEntity>
<transferable>true</transferable>
<deleteRule>NO ACTION</deleteRule>
</Relation>