<?xml version = '1.0' encoding = 'UTF-8'?>
<InheritanceRelation class="oracle.dbtools.crest.model.design.logical.InheritanceRelation" name="Hierarchy_2" directorySegmentName="seg_0" id="4155D821-5E05-58AE-8DAA-8F643DD5AE93">
<createdBy>felip</createdBy>
<createdTime>2020-04-01 01:22:14 UTC</createdTime>
<ownerDesignName>Conceitual</ownerDesignName>
<engineerTo>
<item key="784B2550-A4EE-D540-0102-320698221025" value="true"/>
</engineerTo>
<identifying>false</identifying>
<nameOnSource>Super Type</nameOnSource>
<nameOnTarget>Sub Type</nameOnTarget>
<optionalSource>true</optionalSource>
<optionalTarget>true</optionalTarget>
<sourceEntity>7F18F46A-23B8-EA25-8F4C-7AD5C56976DB</sourceEntity>
<targetEntity>C3C1E89A-88AA-7B16-6A50-569036DF2416</targetEntity>
<transferable>true</transferable>
<deleteRule>NO ACTION</deleteRule>
</InheritanceRelation>