<?xml version = '1.0' encoding = 'UTF-8'?>
<Table class="oracle.dbtools.crest.model.design.relational.Table" directorySegmentName="seg_0" id="3A6B18BD-A8AF-2CAF-456E-C0625068B687" name="Produtos">
<createdBy>leomg</createdBy>
<createdTime>2020-06-17 19:23:11 UTC</createdTime>
<ownerDesignName>modelo_logico_relacional</ownerDesignName>
<ordsAlias>table_12</ordsAlias>
<allowColumnReorder>false</allowColumnReorder>
<existDependencyGenerateInDDl>true</existDependencyGenerateInDDl>
<parsed>true</parsed>
<columns itemClass="oracle.dbtools.crest.model.design.relational.Column">
<Column name="id" id="82B47CBF-516E-D770-293E-942CC38EC7A2">
<createdBy>leomg</createdBy>
<createdTime>2020-06-17 19:24:37 UTC</createdTime>
<ownerDesignName>modelo_logico_relacional</ownerDesignName>
<useDomainConstraints>false</useDomainConstraints>
<use>1</use>
<logicalDatatype>LOGDT011</logicalDatatype>
<ownDataTypeParameters>,,</ownDataTypeParameters>
<autoIncrementCycle>false</autoIncrementCycle>
</Column>
<Column name="item" id="ED267960-C80B-5E91-D6F7-F6A53B586923">
<createdBy>leomg</createdBy>
<createdTime>2020-06-17 19:25:10 UTC</createdTime>
<ownerDesignName>modelo_logico_relacional</ownerDesignName>
<useDomainConstraints>false</useDomainConstraints>
<use>1</use>
<logicalDatatype>LOGDT024</logicalDatatype>
<ownDataTypeParameters>,,</ownDataTypeParameters>
<autoIncrementCycle>false</autoIncrementCycle>
</Column>
<Column name="marca" id="228E8594-E309-0E13-9E03-A0ED73F8AFC9">
<createdBy>leomg</createdBy>
<createdTime>2020-06-17 19:25:10 UTC</createdTime>
<ownerDesignName>modelo_logico_relacional</ownerDesignName>
<useDomainConstraints>false</useDomainConstraints>
<use>1</use>
<logicalDatatype>LOGDT024</logicalDatatype>
<ownDataTypeParameters>,,</ownDataTypeParameters>
<autoIncrementCycle>false</autoIncrementCycle>
</Column>
<Column name="categoria" id="52429BC3-92F1-96AC-B48E-01D2BFC49883">
<createdBy>leomg</createdBy>
<createdTime>2020-06-17 19:25:10 UTC</createdTime>
<ownerDesignName>modelo_logico_relacional</ownerDesignName>
<useDomainConstraints>false</useDomainConstraints>
<use>1</use>
<logicalDatatype>LOGDT024</logicalDatatype>
<ownDataTypeParameters>,,</ownDataTypeParameters>
<autoIncrementCycle>false</autoIncrementCycle>
</Column>
</columns>
<indexes itemClass="oracle.dbtools.crest.model.design.relational.Index">
<ind_PK_UK id="33A061B9-C5C7-6885-06BE-57C45CE7E044" name="Produto_PK">
<createdBy>leomg</createdBy>
<createdTime>2020-06-17 19:25:59 UTC</createdTime>
<ownerDesignName>modelo_logico_relacional</ownerDesignName>
<pk>true</pk>
<indexState>Primary Constraint</indexState>
<isSurrogateKey>false</isSurrogateKey>
<indexColumnUsage>
<colUsage columnID="82B47CBF-516E-D770-293E-942CC38EC7A2"/>
</indexColumnUsage>
</ind_PK_UK>
<ind_PK_UK id="BD75AF80-6162-818E-65E9-B727E0BCA287" name="Produto__UN">
<createdBy>leomg</createdBy>
<createdTime>2020-06-17 19:26:29 UTC</createdTime>
<ownerDesignName>modelo_logico_relacional</ownerDesignName>
<indexState>Unique Constraint</indexState>
<isSurrogateKey>false</isSurrogateKey>
<indexColumnUsage>
<colUsage columnID="ED267960-C80B-5E91-D6F7-F6A53B586923"/>
<colUsage columnID="228E8594-E309-0E13-9E03-A0ED73F8AFC9"/>
</indexColumnUsage>
</ind_PK_UK>
</indexes>
</Table>