<?xml version = '1.0' encoding = 'UTF-8'?>
<Table class="oracle.dbtools.crest.model.design.relational.Table" directorySegmentName="seg_0" id="739BA626-FA9E-7DDF-28E9-844436D1C5A1" name="Servicos">
<createdBy>leomg</createdBy>
<createdTime>2020-05-05 23:33:17 UTC</createdTime>
<ownerDesignName>modelo_logico_relacional</ownerDesignName>
<ordsAlias>table_7</ordsAlias>
<allowColumnReorder>false</allowColumnReorder>
<existDependencyGenerateInDDl>true</existDependencyGenerateInDDl>
<parsed>true</parsed>
<columns itemClass="oracle.dbtools.crest.model.design.relational.Column">
<Column name="id" id="ECC8D1F0-FEC4-83EE-A6FB-72F94474ABC9">
<createdBy>leomg</createdBy>
<createdTime>2020-05-05 23:33:45 UTC</createdTime>
<ownerDesignName>modelo_logico_relacional</ownerDesignName>
<useDomainConstraints>false</useDomainConstraints>
<use>1</use>
<logicalDatatype>LOGDT011</logicalDatatype>
<ownDataTypeParameters>,,</ownDataTypeParameters>
<autoIncrementCycle>false</autoIncrementCycle>
</Column>
<Column name="data" id="AB880CE8-7559-E3C5-499A-B59FBD58047D">
<createdBy>leomg</createdBy>
<createdTime>2020-05-05 23:33:45 UTC</createdTime>
<ownerDesignName>modelo_logico_relacional</ownerDesignName>
<useDomainConstraints>false</useDomainConstraints>
<use>1</use>
<logicalDatatype>LOGDT015</logicalDatatype>
<ownDataTypeParameters>,,</ownDataTypeParameters>
<autoIncrementCycle>false</autoIncrementCycle>
</Column>
<Column name="status" id="023B459F-899F-379F-6142-AFEF3D2BEFA9">
<createdBy>leomg</createdBy>
<createdTime>2020-05-05 23:37:24 UTC</createdTime>
<ownerDesignName>modelo_logico_relacional</ownerDesignName>
<useDomainConstraints>false</useDomainConstraints>
<use>1</use>
<logicalDatatype>LOGDT024</logicalDatatype>
<ownDataTypeParameters>,,</ownDataTypeParameters>
<autoIncrementCycle>false</autoIncrementCycle>
</Column>
<Column name="tipo" id="8DBC415F-11EC-85B2-C023-2D3C0873741A">
<createdBy>leomg</createdBy>
<createdTime>2020-05-05 23:37:24 UTC</createdTime>
<ownerDesignName>modelo_logico_relacional</ownerDesignName>
<useDomainConstraints>false</useDomainConstraints>
<use>1</use>
<logicalDatatype>LOGDT024</logicalDatatype>
<ownDataTypeParameters>,,</ownDataTypeParameters>
<autoIncrementCycle>false</autoIncrementCycle>
</Column>
<Column name="duracao" id="36BA24FD-CB63-F1CB-D95F-161881DED015">
<createdBy>leomg</createdBy>
<createdTime>2020-05-05 23:37:24 UTC</createdTime>
<ownerDesignName>modelo_logico_relacional</ownerDesignName>
<nullsAllowed>true</nullsAllowed>
<useDomainConstraints>false</useDomainConstraints>
<use>1</use>
<logicalDatatype>LOGDT024</logicalDatatype>
<ownDataTypeParameters>,,</ownDataTypeParameters>
<autoIncrementCycle>false</autoIncrementCycle>
</Column>
<Column name="valor" id="6583766D-3A85-AA27-BBCD-09D930EC0285">
<createdBy>leomg</createdBy>
<createdTime>2020-05-05 23:37:24 UTC</createdTime>
<ownerDesignName>modelo_logico_relacional</ownerDesignName>
<useDomainConstraints>false</useDomainConstraints>
<use>1</use>
<logicalDatatype>LOGDT043</logicalDatatype>
<ownDataTypeParameters>,,</ownDataTypeParameters>
<autoIncrementCycle>false</autoIncrementCycle>
</Column>
<Column name="desconto" id="E8B648D6-535A-8951-B439-50BC6DFBF949">
<createdBy>leomg</createdBy>
<createdTime>2020-05-05 23:37:24 UTC</createdTime>
<ownerDesignName>modelo_logico_relacional</ownerDesignName>
<nullsAllowed>true</nullsAllowed>
<useDomainConstraints>false</useDomainConstraints>
<use>1</use>
<logicalDatatype>LOGDT043</logicalDatatype>
<ownDataTypeParameters>,,</ownDataTypeParameters>
<autoIncrementCycle>false</autoIncrementCycle>
</Column>
<Column name="avaliacao" id="5970C618-1C76-119E-1461-E7EF9EDE9409">
<createdBy>leomg</createdBy>
<createdTime>2020-05-05 23:37:24 UTC</createdTime>
<ownerDesignName>modelo_logico_relacional</ownerDesignName>
<nullsAllowed>true</nullsAllowed>
<useDomainConstraints>false</useDomainConstraints>
<use>1</use>
<logicalDatatype>LOGDT011</logicalDatatype>
<ownDataTypeParameters>,,</ownDataTypeParameters>
<autoIncrementCycle>false</autoIncrementCycle>
</Column>
<Column name="Vistorias_id" id="CCD7C08B-DB44-0736-1DFB-0135DB4D0D7C">
<createdBy>leomg</createdBy>
<createdTime>2020-06-17 20:03:35 UTC</createdTime>
<ownerDesignName>modelo_logico_relacional</ownerDesignName>
<useDomainConstraints>false</useDomainConstraints>
<use>1</use>
<logicalDatatype>LOGDT011</logicalDatatype>
<ownDataTypeParameters>,,</ownDataTypeParameters>
<previousColumn>false</previousColumn>
<autoIncrementCycle>false</autoIncrementCycle>
<associations>
<colAssociation fkAssociation="CED448B7-B408-CEAF-4F48-0B6D42D0A055" referredColumn="EDE47244-A588-F0CE-DEB4-500433576EFA"/>
</associations>
</Column>
</columns>
<indexes itemClass="oracle.dbtools.crest.model.design.relational.Index">
<ind_PK_UK id="DEF63CC6-7658-9A1D-7904-252A9B7A3C46" name="Servicos_PK">
<createdBy>leomg</createdBy>
<createdTime>2020-05-05 23:33:45 UTC</createdTime>
<ownerDesignName>modelo_logico_relacional</ownerDesignName>
<pk>true</pk>
<indexState>Primary Constraint</indexState>
<isSurrogateKey>false</isSurrogateKey>
<indexColumnUsage>
<colUsage columnID="ECC8D1F0-FEC4-83EE-A6FB-72F94474ABC9"/>
</indexColumnUsage>
</ind_PK_UK>
<ind_PK_UK id="19EF458A-3292-BD6A-5762-942A949B8927" name="Servicos__UN">
<createdBy>leomg</createdBy>
<createdTime>2020-06-17 20:04:52 UTC</createdTime>
<ownerDesignName>modelo_logico_relacional</ownerDesignName>
<indexState>Unique Constraint</indexState>
<isSurrogateKey>false</isSurrogateKey>
<indexColumnUsage>
<colUsage columnID="AB880CE8-7559-E3C5-499A-B59FBD58047D"/>
<colUsage columnID="CCD7C08B-DB44-0736-1DFB-0135DB4D0D7C"/>
</indexColumnUsage>
</ind_PK_UK>
<ind_PK_UK id="528D5DE2-5DB1-B979-EDBF-43DBF4BB9D05" name="Servicos_Vistorias_FK">
<createdBy>leomg</createdBy>
<createdTime>2020-06-17 20:03:35 UTC</createdTime>
<ownerDesignName>modelo_logico_relacional</ownerDesignName>
<indexState>Foreign Key</indexState>
<isSurrogateKey>false</isSurrogateKey>
<indexColumnUsage>
<colUsage columnID="CCD7C08B-DB44-0736-1DFB-0135DB4D0D7C"/>
</indexColumnUsage>
</ind_PK_UK>
</indexes>
</Table>