<?xml version = '1.0' encoding = 'UTF-8'?>
<Table class="oracle.dbtools.crest.model.design.relational.Table" directorySegmentName="seg_0" id="756A7F35-20C8-3EF4-F0C4-A7ABF208E7DB" name="Tarefas">
<createdBy>leomg</createdBy>
<createdTime>2020-05-05 23:44:09 UTC</createdTime>
<ownerDesignName>modelo_logico_relacional</ownerDesignName>
<ordsAlias>table_8</ordsAlias>
<allowColumnReorder>false</allowColumnReorder>
<existDependencyGenerateInDDl>true</existDependencyGenerateInDDl>
<parsed>true</parsed>
<columns itemClass="oracle.dbtools.crest.model.design.relational.Column">
<Column name="Funcionarios_id" id="D8A29D73-4BF8-668E-2273-00BC3AC50327">
<createdBy>leomg</createdBy>
<createdTime>2020-06-17 20:02:20 UTC</createdTime>
<ownerDesignName>modelo_logico_relacional</ownerDesignName>
<useDomainConstraints>false</useDomainConstraints>
<use>1</use>
<logicalDatatype>LOGDT011</logicalDatatype>
<ownDataTypeParameters>,,</ownDataTypeParameters>
<previousColumn>false</previousColumn>
<autoIncrementCycle>false</autoIncrementCycle>
<associations>
<colAssociation fkAssociation="A89E079B-9455-9552-9998-13271C478EA3" referredColumn="9B98DFE5-5C5B-1A6D-08ED-B3DEE484FDCA"/>
</associations>
</Column>
<Column name="Servicos_id" id="1A5AAE02-E2A9-EEAE-92DF-7AE705A3EFD0">
<createdBy>leomg</createdBy>
<createdTime>2020-06-17 20:02:30 UTC</createdTime>
<ownerDesignName>modelo_logico_relacional</ownerDesignName>
<useDomainConstraints>false</useDomainConstraints>
<use>1</use>
<logicalDatatype>LOGDT011</logicalDatatype>
<ownDataTypeParameters>,,</ownDataTypeParameters>
<previousColumn>false</previousColumn>
<autoIncrementCycle>false</autoIncrementCycle>
<associations>
<colAssociation fkAssociation="0120B39C-C2C1-388B-B572-4D4793AE5B56" referredColumn="ECC8D1F0-FEC4-83EE-A6FB-72F94474ABC9"/>
</associations>
</Column>
</columns>
<indexes itemClass="oracle.dbtools.crest.model.design.relational.Index">
<ind_PK_UK id="18584BE9-F95D-4D6C-5699-6EC90B48949C" name="Tarefas__UN">
<createdBy>leomg</createdBy>
<createdTime>2020-06-17 20:02:37 UTC</createdTime>
<ownerDesignName>modelo_logico_relacional</ownerDesignName>
<indexState>Unique Constraint</indexState>
<isSurrogateKey>false</isSurrogateKey>
<indexColumnUsage>
<colUsage columnID="D8A29D73-4BF8-668E-2273-00BC3AC50327"/>
<colUsage columnID="1A5AAE02-E2A9-EEAE-92DF-7AE705A3EFD0"/>
</indexColumnUsage>
</ind_PK_UK>
<ind_PK_UK id="22C71A27-EDB9-2BC8-DBBA-7D3BD98C05AA" name="Tarefas_Funcionarios_FK">
<createdBy>leomg</createdBy>
<createdTime>2020-06-17 20:02:20 UTC</createdTime>
<ownerDesignName>modelo_logico_relacional</ownerDesignName>
<indexState>Foreign Key</indexState>
<isSurrogateKey>false</isSurrogateKey>
<indexColumnUsage>
<colUsage columnID="D8A29D73-4BF8-668E-2273-00BC3AC50327"/>
</indexColumnUsage>
</ind_PK_UK>
<ind_PK_UK id="0DB01D34-A2DD-8902-07CA-96B378385620" name="Tarefas_Servicos_FK">
<createdBy>leomg</createdBy>
<createdTime>2020-06-17 20:02:30 UTC</createdTime>
<ownerDesignName>modelo_logico_relacional</ownerDesignName>
<indexState>Foreign Key</indexState>
<isSurrogateKey>false</isSurrogateKey>
<indexColumnUsage>
<colUsage columnID="1A5AAE02-E2A9-EEAE-92DF-7AE705A3EFD0"/>
</indexColumnUsage>
</ind_PK_UK>
</indexes>
</Table>