<?xml version = '1.0' encoding = 'UTF-8'?>
<FKIndexAssociation class="oracle.dbtools.crest.model.design.relational.FKIndexAssociation" directorySegmentName="seg_0" id="1D3AEC43-D628-92AA-841E-DABCE8C55461" containerWithKeyObject="C6E24A94-D6B7-79C2-C845-61EF830314E1" localFKIndex="65457A4A-3BC5-63AE-1792-708A4CCA1385" name="Compras_Produtos_Produtos_FK">
<createdBy>leomg</createdBy>
<createdTime>2020-06-17 19:57:09 UTC</createdTime>
<ownerDesignName>modelo_logico_relacional</ownerDesignName>
<referredTableLongName>Produtos</referredTableLongName>
<deleteRule>NO ACTION</deleteRule>
<referredTableID>3A6B18BD-A8AF-2CAF-456E-C0625068B687</referredTableID>
<keyObject>33A061B9-C5C7-6885-06BE-57C45CE7E044</keyObject>
<referredKeyID>33A061B9-C5C7-6885-06BE-57C45CE7E044</referredKeyID>
<mandatory>true</mandatory>
<refColNames>id</refColNames>
<transferable>true</transferable>
<rely>false</rely>
<columnDependencyConstraintGenerateInDDL>true</columnDependencyConstraintGenerateInDDL>
</FKIndexAssociation>