<?xml version = '1.0' encoding = 'UTF-8'?>
<FKIndexAssociation class="oracle.dbtools.crest.model.design.relational.FKIndexAssociation" directorySegmentName="seg_0" id="9216D67D-7028-780A-4BE8-F72F9EB9CC3C" containerWithKeyObject="9AFD6B65-D1A1-F031-8118-8B328A462CE9" localFKIndex="B8501EC1-256F-DBBF-D5CF-C057AAE4B9E9" name="Compra_Funcionario_FK">
<createdBy>leomg</createdBy>
<createdTime>2020-05-22 16:09:43 UTC</createdTime>
<ownerDesignName>modelo_logico_relacional</ownerDesignName>
<referredTableLongName>Funcionario</referredTableLongName>
<deleteRule>NO ACTION</deleteRule>
<referredTableID>0161169A-EA2B-11C7-07F4-19E357CE8231</referredTableID>
<keyObject>9461345C-3E41-FEAC-260C-22889BA4410C</keyObject>
<referredKeyID>9461345C-3E41-FEAC-260C-22889BA4410C</referredKeyID>
<mandatory>true</mandatory>
<refColNames>matricula</refColNames>
<transferable>true</transferable>
<rely>false</rely>
<columnDependencyConstraintGenerateInDDL>true</columnDependencyConstraintGenerateInDDL>
</FKIndexAssociation>