<?xml version = '1.0' encoding = 'UTF-8'?>
<FKIndexAssociation class="oracle.dbtools.crest.model.design.relational.FKIndexAssociation" directorySegmentName="seg_0" id="9F4D3D0E-9156-2218-8DC5-766B0F68E446" containerWithKeyObject="B7B399CC-00D2-EA2C-5B7B-4E6ABB0E6D90" localFKIndex="58DA7AFC-2112-44F3-F040-3D5665579CF4" name="Itens_Produtos_FK">
<createdBy>leomg</createdBy>
<createdTime>2020-06-17 19:57:06 UTC</createdTime>
<ownerDesignName>modelo_logico_relacional</ownerDesignName>
<referredTableLongName>Produtos</referredTableLongName>
<deleteRule>NO ACTION</deleteRule>
<referredTableID>3A6B18BD-A8AF-2CAF-456E-C0625068B687</referredTableID>
<keyObject>33A061B9-C5C7-6885-06BE-57C45CE7E044</keyObject>
<referredKeyID>33A061B9-C5C7-6885-06BE-57C45CE7E044</referredKeyID>
<mandatory>true</mandatory>
<refColNames>id</refColNames>
<transferable>true</transferable>
<rely>false</rely>
<columnDependencyConstraintGenerateInDDL>true</columnDependencyConstraintGenerateInDDL>
</FKIndexAssociation>