<?xml version = '1.0' encoding = 'UTF-8'?>
<Relation class="oracle.dbtools.crest.model.design.logical.Relation" name="Relation_13" directorySegmentName="seg_0" id="0E486F41-BD7A-A1A1-66DC-28750ACD2419">
<createdBy>arthu</createdBy>
<createdTime>2020-04-23 23:45:12 UTC</createdTime>
<ownerDesignName>modelologico</ownerDesignName>
<engineerTo>
<item key="784B2550-A4EE-D540-0102-320698221025" value="true"/>
</engineerTo>
<sourcePk>3482F4AE-F023-C653-3516-3D9D350BE619</sourcePk>
<identifying>false</identifying>
<optionalSource>true</optionalSource>
<optionalTarget>false</optionalTarget>
<sourceCardinality>1</sourceCardinality>
<sourceEntity>04187822-9C6E-485F-277C-955053A92073</sourceEntity>
<targetCardinalityString>*</targetCardinalityString>
<targetEntity>7A8A9E3C-8E8F-E1A9-DF6F-53F63278F275</targetEntity>
<transferable>true</transferable>
<deleteRule>NO ACTION</deleteRule>
</Relation>