<?xml version = '1.0' encoding = 'UTF-8'?>
<Relation class="oracle.dbtools.crest.model.design.logical.Relation" name="Relation_18" directorySegmentName="seg_0" id="EB40113F-2DF3-192D-6E81-4A191C4C3F25">
<createdBy>felip</createdBy>
<createdTime>2020-04-09 00:48:35 UTC</createdTime>
<ownerDesignName>modelologico</ownerDesignName>
<engineerTo>
<item key="784B2550-A4EE-D540-0102-320698221025" value="true"/>
</engineerTo>
<sourcePk>D558BD2A-8436-873F-1A54-3E76D4E09932</sourcePk>
<identifying>false</identifying>
<optionalSource>true</optionalSource>
<optionalTarget>false</optionalTarget>
<sourceCardinality>1</sourceCardinality>
<sourceEntity>7F18F46A-23B8-EA25-8F4C-7AD5C56976DB</sourceEntity>
<targetCardinalityString>*</targetCardinalityString>
<targetEntity>BE39BD59-2DF4-0ED6-5B64-D7CCA0EBA4C3</targetEntity>
<transferable>true</transferable>
<deleteRule>NO ACTION</deleteRule>
</Relation>