<?xml version = '1.0' encoding = 'UTF-8'?>
<Relation class="oracle.dbtools.crest.model.design.logical.Relation" name="Relation_17" directorySegmentName="seg_0" id="E49FF4E5-3A61-4A4D-C8BB-FE3E461B32E9">
<createdBy>leomg</createdBy>
<createdTime>2020-06-17 19:32:31 UTC</createdTime>
<ownerDesignName>modelo_logico_relacional</ownerDesignName>
<engineerTo>
<item key="784B2550-A4EE-D540-0102-320698221025" value="true"/>
</engineerTo>
<sourcePk>9664A367-CFE6-C3FF-55C3-72F8503657D6</sourcePk>
<identifying>false</identifying>
<optionalSource>true</optionalSource>
<optionalTarget>false</optionalTarget>
<sourceCardinality>1</sourceCardinality>
<sourceEntity>644B2F1B-2418-460C-EA85-A23A2353751B</sourceEntity>
<targetCardinalityString>*</targetCardinalityString>
<targetEntity>47C210D2-38E4-B6FE-70EA-1E8F7292E2C7</targetEntity>
<transferable>true</transferable>
<deleteRule>NO ACTION</deleteRule>
</Relation>