<?xml version = '1.0' encoding = 'UTF-8'?>
<Relation class="oracle.dbtools.crest.model.design.logical.Relation" name="Relation_24" directorySegmentName="seg_0" id="3C96714B-A3CC-9356-05EA-EDAACE0A0B2C">
<createdBy>leomg</createdBy>
<createdTime>2020-05-01 19:40:57 UTC</createdTime>
<ownerDesignName>modelo_logico_relacional</ownerDesignName>
<engineerTo>
<item key="784B2550-A4EE-D540-0102-320698221025" value="true"/>
</engineerTo>
<sourcePk>D558BD2A-8436-873F-1A54-3E76D4E09932</sourcePk>
<arc>F7F8E034-CBE6-E11B-5297-74C313029A29</arc>
<identifying>false</identifying>
<optionalSource>true</optionalSource>
<optionalTarget>false</optionalTarget>
<sourceCardinality>1</sourceCardinality>
<sourceEntity>7F18F46A-23B8-EA25-8F4C-7AD5C56976DB</sourceEntity>
<targetCardinalityString>*</targetCardinalityString>
<targetEntity>245846F3-E498-2614-ECAE-07B023682573</targetEntity>
<transferable>true</transferable>
<deleteRule>NO ACTION</deleteRule>
</Relation>