<?xml version = '1.0' encoding = 'UTF-8'?>
<Diagram class="oracle.dbtools.crest.swingui.logical.DPVLogical" name="Logical" id="EE4807D3-F36B-741A-0EC0-522FD5ED8FF8">
<createdBy>felip</createdBy>
<modifiedBy>felip</modifiedBy>
<createdTime>2020-03-31 22:43:05 UTC</createdTime>
<autoRoute>false</autoRoute>
<boxInbox>true</boxInbox>
<showLegend>false</showLegend>
<showLabels>false</showLabels>
<showRelAttributes>false</showRelAttributes>
<gridEnabled>false</gridEnabled>
<showGrid>false</showGrid>
<diagramColor>-1</diagramColor>
<display>false</display>
<notation>1</notation>
<objectViews>
<OView class="oracle.dbtools.crest.swingui.logical.TVEntity" oid="04187822-9C6E-485F-277C-955053A92073" otype="Entity" vid="8D9E6943-10D6-F535-7190-DE179702E4C1">
<hideElementsInCurrentOnly>false</hideElementsInCurrentOnly>
<bounds x="42" y="61" width="100" height="63"/>
</OView>
<OView class="oracle.dbtools.crest.swingui.logical.TVEntity" oid="0B4DD165-0F10-BBC7-D2C0-20633FDA5166" otype="Entity" vid="64F2C92C-BDD5-CE03-AC2E-28A970493A53">
<hideElementsInCurrentOnly>false</hideElementsInCurrentOnly>
<bounds x="30" y="24" width="122" height="235"/>
</OView>
<OView class="oracle.dbtools.crest.swingui.logical.TVEntity" oid="245846F3-E498-2614-ECAE-07B023682573" otype="Entity" vid="7266E663-EBF7-3F59-9078-D8D5146A7368">
<hideElementsInCurrentOnly>false</hideElementsInCurrentOnly>
<bounds x="642" y="357" width="129" height="67"/>
</OView>
<OView class="oracle.dbtools.crest.swingui.logical.TVEntity" oid="3509AC98-F09C-0FD7-DE0E-0E2E2B46AB9A" otype="Entity" vid="DBD543CF-B953-B6BD-CA1A-3B81DC7EDC32">
<hideElementsInCurrentOnly>false</hideElementsInCurrentOnly>
<bounds x="852" y="241" width="138" height="75"/>
</OView>
<OView class="oracle.dbtools.crest.swingui.logical.TVEntity" oid="372F6F55-8C37-3429-E82C-CAC6A79869FD" otype="Entity" vid="1BD56BBA-6C61-F46E-72E3-54020B10F30F">
<hideElementsInCurrentOnly>false</hideElementsInCurrentOnly>
<bounds x="413" y="181" width="139" height="67"/>
</OView>
<OView class="oracle.dbtools.crest.swingui.logical.TVEntity" oid="43C2B1FC-92AA-9B32-FC67-C3A241B51DF9" otype="Entity" vid="FA600BA6-5C9A-CA11-EB35-2000A9957275">
<hideElementsInCurrentOnly>false</hideElementsInCurrentOnly>
<bounds x="650" y="192" width="129" height="64"/>
</OView>
<OView class="oracle.dbtools.crest.swingui.logical.TVEntity" oid="4B5466F3-09FD-537F-3C71-FBF968882ED8" otype="Entity" vid="75830EDF-5884-1A35-15D0-8094697017EE">
<hideElementsInCurrentOnly>false</hideElementsInCurrentOnly>
<bounds x="278" y="292" width="122" height="58"/>
</OView>
<OView class="oracle.dbtools.crest.swingui.logical.TVEntity" oid="4E204E96-A35A-97B2-CA6E-43D162FE7308" otype="Entity" vid="245C60C3-C503-33BD-EE92-955FFA36DBF5">
<hideElementsInCurrentOnly>false</hideElementsInCurrentOnly>
<bounds x="856" y="339" width="143" height="85"/>
</OView>
<OView class="oracle.dbtools.crest.swingui.logical.TVEntity" oid="644B2F1B-2418-460C-EA85-A23A2353751B" otype="Entity" vid="2CF9878E-9F58-5483-EF95-573AA251C90D">
<hideElementsInCurrentOnly>false</hideElementsInCurrentOnly>
<bounds x="281" y="443" width="127" height="62"/>
</OView>
<OView class="oracle.dbtools.crest.swingui.logical.TVEntity" oid="7A8A9E3C-8E8F-E1A9-DF6F-53F63278F275" otype="Entity" vid="316D0F14-F7E1-6F34-C333-910A5F5EBC5F">
<hideElementsInCurrentOnly>false</hideElementsInCurrentOnly>
<bounds x="234" y="45" width="143" height="58"/>
</OView>
<OView class="oracle.dbtools.crest.swingui.logical.TVEntity" oid="7F18F46A-23B8-EA25-8F4C-7AD5C56976DB" otype="Entity" vid="D9F753D5-C875-129B-564C-F738A39B36DD">
<hideElementsInCurrentOnly>false</hideElementsInCurrentOnly>
<bounds x="825" y="103" width="185" height="359"/>
</OView>
<OView class="oracle.dbtools.crest.swingui.logical.TVEntity" oid="A07B6411-6985-43C2-9ACB-4210D6A17FA6" otype="Entity" vid="1CB64552-C99E-D35B-E7A8-96FA4D50CABC">
<hideElementsInCurrentOnly>false</hideElementsInCurrentOnly>
<bounds x="42" y="180" width="100" height="67"/>
</OView>
<OView class="oracle.dbtools.crest.swingui.logical.TVEntity" oid="BE39BD59-2DF4-0ED6-5B64-D7CCA0EBA4C3" otype="Entity" vid="8DA17C4D-08D5-FD40-82E8-F38A0C8D360E">
<hideElementsInCurrentOnly>false</hideElementsInCurrentOnly>
<bounds x="591" y="50" width="143" height="58"/>
</OView>
<OView class="oracle.dbtools.crest.swingui.logical.TVEntity" oid="C0BE5A42-BFCA-2DE3-49FE-139E7EA9D363" otype="Entity" vid="F68ED8A4-91FF-294D-B022-0FD02E3EAE11">
<hideElementsInCurrentOnly>false</hideElementsInCurrentOnly>
<bounds x="37" y="448" width="129" height="59"/>
</OView>
<OView class="oracle.dbtools.crest.swingui.logical.TVEntity" oid="C3C1E89A-88AA-7B16-6A50-569036DF2416" otype="Entity" vid="C9381134-08EA-6975-F6FD-C9E019EFA7A8">
<hideElementsInCurrentOnly>false</hideElementsInCurrentOnly>
<bounds x="849" y="139" width="143" height="77"/>
</OView>
</objectViews>
<connectors>
<Connector class="oracle.dbtools.crest.swingui.logical.TVRelation" oid="03A9B034-A541-F310-C8AD-67121721D790" otype="Relation" vid_source="1BD56BBA-6C61-F46E-72E3-54020B10F30F" vid_target="8DA17C4D-08D5-FD40-82E8-F38A0C8D360E">
<hideElementsInCurrentOnly>false</hideElementsInCurrentOnly>
<backgroundColor>-16777216</backgroundColor>
<lineWidth>1</lineWidth>
<points>
<point x="493" y="181"/>
<point x="493" y="74"/>
<point x="591" y="74"/>
</points>
</Connector>
<Connector class="oracle.dbtools.crest.swingui.logical.TVRelation" oid="07A5FB00-725A-F893-0EA8-39D0A33B17EA" otype="Relation" vid_source="FA600BA6-5C9A-CA11-EB35-2000A9957275" vid_target="1BD56BBA-6C61-F46E-72E3-54020B10F30F">
<hideElementsInCurrentOnly>false</hideElementsInCurrentOnly>
<backgroundColor>-16777216</backgroundColor>
<lineWidth>1</lineWidth>
<points>
<point x="650" y="220"/>
<point x="552" y="220"/>
</points>
</Connector>
<Connector class="oracle.dbtools.crest.swingui.logical.TVRelation" oid="1EDC8F3F-6F12-DA61-BF8B-2206AEAB197B" otype="Relation" vid_source="C9381134-08EA-6975-F6FD-C9E019EFA7A8" vid_target="8DA17C4D-08D5-FD40-82E8-F38A0C8D360E">
<hideElementsInCurrentOnly>false</hideElementsInCurrentOnly>
<backgroundColor>-16777216</backgroundColor>
<lineWidth>1</lineWidth>
<points>
<point x="849" y="179"/>
<point x="663" y="179"/>
<point x="663" y="108"/>
</points>
</Connector>
<Connector class="oracle.dbtools.crest.swingui.logical.TVRelation" oid="1F81F50F-92C5-D3CA-DC13-EFAC96263C86" otype="Relation" vid_source="1BD56BBA-6C61-F46E-72E3-54020B10F30F" vid_target="75830EDF-5884-1A35-15D0-8094697017EE">
<hideElementsInCurrentOnly>false</hideElementsInCurrentOnly>
<backgroundColor>-16777216</backgroundColor>
<lineWidth>1</lineWidth>
<points>
<point x="413" y="214"/>
<point x="339" y="214"/>
<point x="339" y="292"/>
</points>
</Connector>
<Connector class="oracle.dbtools.crest.swingui.logical.TVRelation" oid="231FFB78-8108-C75E-543B-68502597A1AA" otype="Relation" vid_source="64F2C92C-BDD5-CE03-AC2E-28A970493A53" vid_target="316D0F14-F7E1-6F34-C333-910A5F5EBC5F">
<hideElementsInCurrentOnly>false</hideElementsInCurrentOnly>
<backgroundColor>-16777216</backgroundColor>
<lineWidth>1</lineWidth>
<points>
<point x="152" y="155"/>
<point x="303" y="155"/>
<point x="303" y="103"/>
</points>
</Connector>
<Connector class="oracle.dbtools.crest.swingui.logical.TVInheritanceRelation" oid="3E9B1FF7-2D74-599E-DF19-760B974AAC7A" otype="Hierarchy relation" vid_source="64F2C92C-BDD5-CE03-AC2E-28A970493A53" vid_target="1CB64552-C99E-D35B-E7A8-96FA4D50CABC">
<hideElementsInCurrentOnly>false</hideElementsInCurrentOnly>
<backgroundColor>-65536</backgroundColor>
<lineWidth>1</lineWidth>
</Connector>
<Connector class="oracle.dbtools.crest.swingui.logical.TVInheritanceRelation" oid="3F8CE52F-C2CB-B3FF-3CF6-101DF1B1D53F" otype="Hierarchy relation" vid_source="64F2C92C-BDD5-CE03-AC2E-28A970493A53" vid_target="8D9E6943-10D6-F535-7190-DE179702E4C1">
<hideElementsInCurrentOnly>false</hideElementsInCurrentOnly>
<backgroundColor>-65536</backgroundColor>
<lineWidth>1</lineWidth>
</Connector>
<Connector class="oracle.dbtools.crest.swingui.logical.TVInheritanceRelation" oid="4155D821-5E05-58AE-8DAA-8F643DD5AE93" otype="Hierarchy relation" vid_source="D9F753D5-C875-129B-564C-F738A39B36DD" vid_target="C9381134-08EA-6975-F6FD-C9E019EFA7A8">
<hideElementsInCurrentOnly>false</hideElementsInCurrentOnly>
<backgroundColor>-65536</backgroundColor>
<lineWidth>1</lineWidth>
</Connector>
<Connector class="oracle.dbtools.crest.swingui.logical.TVRelation" oid="772E52A0-DD72-C11F-0EAE-F40E0E903879" otype="Relation" vid_source="DBD543CF-B953-B6BD-CA1A-3B81DC7EDC32" vid_target="7266E663-EBF7-3F59-9078-D8D5146A7368">
<hideElementsInCurrentOnly>false</hideElementsInCurrentOnly>
<backgroundColor>-16777216</backgroundColor>
<lineWidth>1</lineWidth>
<points>
<point x="852" y="276"/>
<point x="708" y="276"/>
<point x="708" y="357"/>
</points>
</Connector>
<Connector class="oracle.dbtools.crest.swingui.logical.TVRelation" oid="77984B20-1A29-AA6D-2F9F-E9D0D445AE73" otype="Relation" vid_source="2CF9878E-9F58-5483-EF95-573AA251C90D" vid_target="75830EDF-5884-1A35-15D0-8094697017EE">
<hideElementsInCurrentOnly>false</hideElementsInCurrentOnly>
<backgroundColor>-16777216</backgroundColor>
<lineWidth>1</lineWidth>
<points>
<point x="340" y="443"/>
<point x="340" y="350"/>
</points>
</Connector>
<Connector class="oracle.dbtools.crest.swingui.logical.TVRelation" oid="77EEAEEA-3A68-D659-84F0-5598FB0D073D" otype="Relation" vid_source="245C60C3-C503-33BD-EE92-955FFA36DBF5" vid_target="2CF9878E-9F58-5483-EF95-573AA251C90D">
<hideElementsInCurrentOnly>false</hideElementsInCurrentOnly>
<backgroundColor>-16777216</backgroundColor>
<lineWidth>1</lineWidth>
<points>
<point x="935" y="424"/>
<point x="935" y="478"/>
<point x="408" y="478"/>
</points>
</Connector>
<Connector class="oracle.dbtools.crest.swingui.logical.TVRelation" oid="828AB212-5785-5E3B-CD06-D2F3447FFE78" otype="Relation" vid_source="1BD56BBA-6C61-F46E-72E3-54020B10F30F" vid_target="7266E663-EBF7-3F59-9078-D8D5146A7368">
<hideElementsInCurrentOnly>false</hideElementsInCurrentOnly>
<backgroundColor>-16777216</backgroundColor>
<lineWidth>1</lineWidth>
<points>
<point x="484" y="248"/>
<point x="484" y="394"/>
<point x="642" y="394"/>
</points>
</Connector>
<Connector class="oracle.dbtools.crest.swingui.logical.TVInheritanceRelation" oid="8627D07D-1AB5-8E00-4EA8-28A67012FA5A" otype="Hierarchy relation" vid_source="D9F753D5-C875-129B-564C-F738A39B36DD" vid_target="245C60C3-C503-33BD-EE92-955FFA36DBF5">
<hideElementsInCurrentOnly>false</hideElementsInCurrentOnly>
<backgroundColor>-65536</backgroundColor>
<lineWidth>1</lineWidth>
</Connector>
<Connector class="oracle.dbtools.crest.swingui.logical.TVRelation" oid="A4DA8BDD-260C-46BF-8792-961DBA8DE651" otype="Relation" vid_source="F68ED8A4-91FF-294D-B022-0FD02E3EAE11" vid_target="2CF9878E-9F58-5483-EF95-573AA251C90D">
<hideElementsInCurrentOnly>false</hideElementsInCurrentOnly>
<backgroundColor>-16777216</backgroundColor>
<lineWidth>1</lineWidth>
<points>
<point x="166" y="476"/>
<point x="281" y="476"/>
</points>
</Connector>
<Connector class="oracle.dbtools.crest.swingui.logical.TVInheritanceRelation" oid="C532FCB5-1EA4-E153-A7A1-9E6EC2FB03AF" otype="Hierarchy relation" vid_source="D9F753D5-C875-129B-564C-F738A39B36DD" vid_target="DBD543CF-B953-B6BD-CA1A-3B81DC7EDC32">
<hideElementsInCurrentOnly>false</hideElementsInCurrentOnly>
<backgroundColor>-65536</backgroundColor>
<lineWidth>1</lineWidth>
</Connector>
<Connector class="oracle.dbtools.crest.swingui.logical.TVRelation" oid="E7D57174-5FD4-0A13-B521-9AE31AFDF577" otype="Relation" vid_source="316D0F14-F7E1-6F34-C333-910A5F5EBC5F" vid_target="1BD56BBA-6C61-F46E-72E3-54020B10F30F">
<hideElementsInCurrentOnly>false</hideElementsInCurrentOnly>
<backgroundColor>-16777216</backgroundColor>
<lineWidth>1</lineWidth>
<points>
<point x="377" y="74"/>
<point x="468" y="74"/>
<point x="468" y="181"/>
</points>
</Connector>
</connectors>
</Diagram>