<?xml version = '1.0' encoding = 'UTF-8'?>
<FKIndexAssociation class="oracle.dbtools.crest.model.design.relational.FKIndexAssociation" directorySegmentName="seg_0" id="1E9F9717-5B56-4726-E885-E5D68DDD0439" containerWithKeyObject="C6E24A94-D6B7-79C2-C845-61EF830314E1" localFKIndex="9ED3094F-55FC-2525-464A-93263BC6B339" name="Compras_Produtos_Compras_FK">
<createdBy>leomg</createdBy>
<createdTime>2020-06-17 19:57:11 UTC</createdTime>
<ownerDesignName>modelo_logico_relacional</ownerDesignName>
<referredTableLongName>Compras</referredTableLongName>
<deleteRule>NO ACTION</deleteRule>
<referredTableID>9AFD6B65-D1A1-F031-8118-8B328A462CE9</referredTableID>
<keyObject>BF694382-45E9-1632-6282-E67F1FA1893A</keyObject>
<referredKeyID>BF694382-45E9-1632-6282-E67F1FA1893A</referredKeyID>
<mandatory>true</mandatory>
<refColNames>id</refColNames>
<transferable>true</transferable>
<rely>false</rely>
<columnDependencyConstraintGenerateInDDL>true</columnDependencyConstraintGenerateInDDL>
</FKIndexAssociation>