<?xml version = '1.0' encoding = 'UTF-8'?>
<FKIndexAssociation class="oracle.dbtools.crest.model.design.relational.FKIndexAssociation" directorySegmentName="seg_0" id="5F362F13-2BA3-9C1F-50AC-BEB8DF5733F8" containerWithKeyObject="12B7044D-FD31-5A63-E9BF-BF1ED8C3844D" localFKIndex="C886A375-F186-5A97-31D1-E05B1B575206" name="Veiculo_Clientes_FK">
<createdBy>arthu</createdBy>
<createdTime>2020-06-04 00:55:59 UTC</createdTime>
<ownerDesignName>modelo_logico_relacional</ownerDesignName>
<referredTableLongName>Clientes</referredTableLongName>
<deleteRule>NO ACTION</deleteRule>
<referredTableID>8FE87AD7-5F22-81F2-18A1-1D0D15C5F22C</referredTableID>
<keyObject>39110DA5-C377-726D-995A-175CAB019695</keyObject>
<referredKeyID>39110DA5-C377-726D-995A-175CAB019695</referredKeyID>
<mandatory>true</mandatory>
<refColNames>id</refColNames>
<transferable>true</transferable>
<rely>false</rely>
<columnDependencyConstraintGenerateInDDL>true</columnDependencyConstraintGenerateInDDL>
</FKIndexAssociation>