<?xml version = '1.0' encoding = 'UTF-8'?>
<FKIndexAssociation class="oracle.dbtools.crest.model.design.relational.FKIndexAssociation" directorySegmentName="seg_0" id="6909C238-E39A-99A6-B495-590EEB8D8E1C" containerWithKeyObject="9AFD6B65-D1A1-F031-8118-8B328A462CE9" localFKIndex="101E3C86-BF91-E479-48B9-67C4EFA1A059" name="Compras_Fornecedores_FK">
<createdBy>leomg</createdBy>
<createdTime>2020-06-17 20:01:44 UTC</createdTime>
<ownerDesignName>modelo_logico_relacional</ownerDesignName>
<referredTableLongName>Fornecedores</referredTableLongName>
<deleteRule>NO ACTION</deleteRule>
<referredTableID>8B27EC4D-33EC-9A4D-4079-17BBA9CF7EB9</referredTableID>
<keyObject>9D65B721-ED63-EB64-59BC-28AE0BC69CA5</keyObject>
<referredKeyID>9D65B721-ED63-EB64-59BC-28AE0BC69CA5</referredKeyID>
<mandatory>true</mandatory>
<refColNames>id</refColNames>
<transferable>true</transferable>
<rely>false</rely>
<columnDependencyConstraintGenerateInDDL>true</columnDependencyConstraintGenerateInDDL>
</FKIndexAssociation>