<?xml version = '1.0' encoding = 'UTF-8'?>
<FKIndexAssociation class="oracle.dbtools.crest.model.design.relational.FKIndexAssociation" directorySegmentName="seg_0" id="C6919238-8A9E-D83A-3A52-B7B54D398792" containerWithKeyObject="6C82845A-BF2E-7CAD-89AB-7BBCB7BEBCA8" localFKIndex="4C887928-1300-F8DC-F8DF-F645DE8F0FA7" name="Vistorias_Veiculos_FK">
<createdBy>leomg</createdBy>
<createdTime>2020-06-17 20:07:28 UTC</createdTime>
<ownerDesignName>modelo_logico_relacional</ownerDesignName>
<referredTableLongName>Veiculos</referredTableLongName>
<deleteRule>NO ACTION</deleteRule>
<referredTableID>12B7044D-FD31-5A63-E9BF-BF1ED8C3844D</referredTableID>
<keyObject>978C6C4A-7AB5-06BD-C195-DBD82AA8F399</keyObject>
<referredKeyID>978C6C4A-7AB5-06BD-C195-DBD82AA8F399</referredKeyID>
<mandatory>true</mandatory>
<refColNames>id</refColNames>
<transferable>true</transferable>
<rely>false</rely>
<columnDependencyConstraintGenerateInDDL>true</columnDependencyConstraintGenerateInDDL>
</FKIndexAssociation>