<?xml version = '1.0' encoding = 'UTF-8'?>
<Entity class="oracle.dbtools.crest.model.design.logical.Entity" directorySegmentName="seg_0" id="245846F3-E498-2614-ECAE-07B023682573" name="servico-funcionario">
<createdBy>felip</createdBy>
<createdTime>2020-04-01 01:16:38 UTC</createdTime>
<ownerDesignName>modelologico</ownerDesignName>
<engineerTo>
<item key="784B2550-A4EE-D540-0102-320698221025" value="true"/>
</engineerTo>
<adequatelyNormalized>NO</adequatelyNormalized>
<expectedVolumes>0</expectedVolumes>
<fwdEngineeringStrategyName>Single Table</fwdEngineeringStrategyName>
<growthPercent>0</growthPercent>
<growthType>Year</growthType>
<maxVolumes>9999999</maxVolumes>
<minVolumes>0</minVolumes>
<normalForm>Third</normalForm>
<attributes itemClass="oracle.dbtools.crest.model.design.logical.Attribute">
<Attribute name="matricula" id="A8724FE1-3310-6A40-E493-ED34273C995C">
<createdBy>arthu</createdBy>
<createdTime>2020-04-23 12:11:38 UTC</createdTime>
<generatorID>67AD90B2-F010-811C-EE52-7AD973D7FF61</generatorID>
<ownerDesignName>modelologico</ownerDesignName>
<engineerTo>
<item key="784B2550-A4EE-D540-0102-320698221025" value="true"/>
</engineerTo>
<referedAttribute>B8FDB6C8-F240-9256-D93B-6DDEC96D4E27</referedAttribute>
<use>0</use>
<ownDataTypeParameters>,,</ownDataTypeParameters>
</Attribute>
</attributes>
</Entity>