<?xml version = '1.0' encoding = 'UTF-8'?>
<Entity class="oracle.dbtools.crest.model.design.logical.Entity" directorySegmentName="seg_0" id="4B5466F3-09FD-537F-3C71-FBF968882ED8" name="insumo-servico">
<createdBy>felip</createdBy>
<createdTime>2020-04-01 01:39:38 UTC</createdTime>
<ownerDesignName>modelologico</ownerDesignName>
<engineerTo>
<item key="784B2550-A4EE-D540-0102-320698221025" value="true"/>
</engineerTo>
<adequatelyNormalized>NO</adequatelyNormalized>
<expectedVolumes>0</expectedVolumes>
<fwdEngineeringStrategyName>Single Table</fwdEngineeringStrategyName>
<growthPercent>0</growthPercent>
<growthType>Year</growthType>
<maxVolumes>9999999</maxVolumes>
<minVolumes>0</minVolumes>
<normalForm>Third</normalForm>
<attributes itemClass="oracle.dbtools.crest.model.design.logical.Attribute">
<Attribute name="codigo" id="9A006AED-2853-E19F-ABCC-854060E50046">
<createdBy>arthu</createdBy>
<createdTime>2020-04-23 12:12:27 UTC</createdTime>
<generatorID>77984B20-1A29-AA6D-2F9F-E9D0D445AE73</generatorID>
<ownerDesignName>modelologico</ownerDesignName>
<engineerTo>
<item key="784B2550-A4EE-D540-0102-320698221025" value="true"/>
</engineerTo>
<referedAttribute>928962F0-AB34-3A53-7702-3E1FF45D748D</referedAttribute>
<use>0</use>
<ownDataTypeParameters>,,</ownDataTypeParameters>
</Attribute>
</attributes>
</Entity>