<?xml version = '1.0' encoding = 'UTF-8'?>
<Entity class="oracle.dbtools.crest.model.design.logical.Entity" directorySegmentName="seg_0" id="644B2F1B-2418-460C-EA85-A23A2353751B" name="Insumo">
<createdBy>felip</createdBy>
<createdTime>2020-04-01 01:15:45 UTC</createdTime>
<ownerDesignName>modelologico</ownerDesignName>
<engineerTo>
<item key="784B2550-A4EE-D540-0102-320698221025" value="true"/>
</engineerTo>
<adequatelyNormalized>NO</adequatelyNormalized>
<expectedVolumes>0</expectedVolumes>
<fwdEngineeringStrategyName>Single Table</fwdEngineeringStrategyName>
<growthPercent>0</growthPercent>
<growthType>Year</growthType>
<maxVolumes>9999999</maxVolumes>
<minVolumes>0</minVolumes>
<normalForm>Third</normalForm>
<attributes itemClass="oracle.dbtools.crest.model.design.logical.Attribute">
<Attribute name="item" id="1125B280-6D2A-B2E1-E57D-D3B34AB5E21D">
<createdBy>felip</createdBy>
<createdTime>2020-04-09 01:18:38 UTC</createdTime>
<ownerDesignName>modelologico</ownerDesignName>
<engineerTo>
<item key="784B2550-A4EE-D540-0102-320698221025" value="true"/>
</engineerTo>
<use>0</use>
<ownDataTypeParameters>,,</ownDataTypeParameters>
</Attribute>
<Attribute name="codigo" id="928962F0-AB34-3A53-7702-3E1FF45D748D">
<createdBy>felip</createdBy>
<createdTime>2020-04-09 01:19:58 UTC</createdTime>
<ownerDesignName>modelologico</ownerDesignName>
<engineerTo>
<item key="784B2550-A4EE-D540-0102-320698221025" value="true"/>
</engineerTo>
<use>0</use>
<ownDataTypeParameters>,,</ownDataTypeParameters>
</Attribute>
<Attribute name="categoria" id="94F1676B-B972-F4DC-3BDE-F43F003262FB">
<createdBy>felip</createdBy>
<createdTime>2020-04-09 01:20:24 UTC</createdTime>
<ownerDesignName>modelologico</ownerDesignName>
<engineerTo>
<item key="784B2550-A4EE-D540-0102-320698221025" value="true"/>
</engineerTo>
<use>0</use>
<ownDataTypeParameters>,,</ownDataTypeParameters>
</Attribute>
<Attribute name="valor" id="B8680055-924E-CC3C-27E0-52E4773F5202">
<createdBy>felip</createdBy>
<createdTime>2020-04-09 01:21:50 UTC</createdTime>
<ownerDesignName>modelologico</ownerDesignName>
<engineerTo>
<item key="784B2550-A4EE-D540-0102-320698221025" value="true"/>
</engineerTo>
<use>0</use>
<ownDataTypeParameters>,,</ownDataTypeParameters>
</Attribute>
<Attribute name="matricula" id="6C059D98-26D5-FDD3-9AD0-2D545A403C8F">
<createdBy>arthu</createdBy>
<createdTime>2020-04-23 12:11:38 UTC</createdTime>
<generatorID>3B4CECE6-9DC0-88C5-B60F-91A37482A3DD</generatorID>
<ownerDesignName>modelologico</ownerDesignName>
<engineerTo>
<item key="784B2550-A4EE-D540-0102-320698221025" value="true"/>
</engineerTo>
<referedAttribute>B8FDB6C8-F240-9256-D93B-6DDEC96D4E27</referedAttribute>
<use>0</use>
<ownDataTypeParameters>,,</ownDataTypeParameters>
</Attribute>
<Attribute name="cnpj" id="BA64CAAF-BDC5-D61B-C051-D44C4FEF19DF">
<createdBy>arthu</createdBy>
<createdTime>2020-04-23 12:12:07 UTC</createdTime>
<generatorID>A4DA8BDD-260C-46BF-8792-961DBA8DE651</generatorID>
<ownerDesignName>modelologico</ownerDesignName>
<engineerTo>
<item key="784B2550-A4EE-D540-0102-320698221025" value="true"/>
</engineerTo>
<referedAttribute>AB880CD5-2CDD-E5CE-1A61-5092F689728D</referedAttribute>
<use>0</use>
<ownDataTypeParameters>,,</ownDataTypeParameters>
</Attribute>
</attributes>
<identifiers itemClass="oracle.dbtools.crest.model.design.logical.CandidateKey">
<identifier id="B981F98F-A2CE-6E38-CB26-D1252EE295CF" name="Insumo PK">
<createdBy>arthu</createdBy>
<createdTime>2020-04-23 12:12:19 UTC</createdTime>
<ownerDesignName>modelologico</ownerDesignName>
<engineerTo>
<item key="784B2550-A4EE-D540-0102-320698221025" value="true"/>
</engineerTo>
<pk>true</pk>
<usedAttributes>
<attributeRef>928962F0-AB34-3A53-7702-3E1FF45D748D</attributeRef>
</usedAttributes>
</identifier>
</identifiers>
</Entity>