<?xml version = '1.0' encoding = 'UTF-8'?>
<Entity class="oracle.dbtools.crest.model.design.logical.Entity" directorySegmentName="seg_0" id="7A8A9E3C-8E8F-E1A9-DF6F-53F63278F275" name="Veiculo">
<createdBy>felip</createdBy>
<createdTime>2020-04-01 01:14:12 UTC</createdTime>
<ownerDesignName>modelologico</ownerDesignName>
<engineerTo>
<item key="784B2550-A4EE-D540-0102-320698221025" value="true"/>
</engineerTo>
<adequatelyNormalized>NO</adequatelyNormalized>
<expectedVolumes>0</expectedVolumes>
<fwdEngineeringStrategyName>Single Table</fwdEngineeringStrategyName>
<growthPercent>0</growthPercent>
<growthType>Year</growthType>
<maxVolumes>9999999</maxVolumes>
<minVolumes>0</minVolumes>
<normalForm>Third</normalForm>
<attributes itemClass="oracle.dbtools.crest.model.design.logical.Attribute">
<Attribute name="marca" id="FFB413E5-20EE-D55A-EA75-6F88B26D26BF">
<createdBy>felip</createdBy>
<createdTime>2020-04-09 00:40:57 UTC</createdTime>
<ownerDesignName>modelologico</ownerDesignName>
<engineerTo>
<item key="784B2550-A4EE-D540-0102-320698221025" value="true"/>
</engineerTo>
<use>0</use>
<ownDataTypeParameters>,,</ownDataTypeParameters>
</Attribute>
<Attribute name="modelo" id="16282FE1-68AE-C3C1-D802-1B3305792829">
<createdBy>felip</createdBy>
<createdTime>2020-04-09 00:38:22 UTC</createdTime>
<ownerDesignName>modelologico</ownerDesignName>
<engineerTo>
<item key="784B2550-A4EE-D540-0102-320698221025" value="true"/>
</engineerTo>
<use>0</use>
<ownDataTypeParameters>,,</ownDataTypeParameters>
</Attribute>
<Attribute name="placa" id="15BC485D-C548-6F09-E8F0-BE8087ED2F0E">
<createdBy>felip</createdBy>
<createdTime>2020-04-09 00:38:38 UTC</createdTime>
<ownerDesignName>modelologico</ownerDesignName>
<engineerTo>
<item key="784B2550-A4EE-D540-0102-320698221025" value="true"/>
</engineerTo>
<use>0</use>
<ownDataTypeParameters>,,</ownDataTypeParameters>
</Attribute>
<Attribute name="km" id="2B3583B3-06B3-BB17-29FC-B56EEA4D987F">
<createdBy>felip</createdBy>
<createdTime>2020-04-09 00:39:41 UTC</createdTime>
<ownerDesignName>modelologico</ownerDesignName>
<engineerTo>
<item key="784B2550-A4EE-D540-0102-320698221025" value="true"/>
</engineerTo>
<use>0</use>
<ownDataTypeParameters>,,</ownDataTypeParameters>
</Attribute>
<Attribute name="versao" id="358193E6-FA0D-AD0E-B22B-8D37AAA84355">
<createdBy>arthu</createdBy>
<createdTime>2020-04-23 12:19:02 UTC</createdTime>
<ownerDesignName>modelologico</ownerDesignName>
<engineerTo>
<item key="784B2550-A4EE-D540-0102-320698221025" value="true"/>
</engineerTo>
<use>0</use>
<ownDataTypeParameters>,,</ownDataTypeParameters>
</Attribute>
<Attribute name="cpf" id="B5B6C648-D454-971A-97D9-C43858E367AE">
<createdBy>arthu</createdBy>
<createdTime>2020-04-23 23:45:12 UTC</createdTime>
<generatorID>0E486F41-BD7A-A1A1-66DC-28750ACD2419</generatorID>
<ownerDesignName>modelologico</ownerDesignName>
<engineerTo>
<item key="784B2550-A4EE-D540-0102-320698221025" value="true"/>
</engineerTo>
<referedAttribute>B2074277-3D27-0628-6FBF-084AADA1BF00</referedAttribute>
<use>0</use>
<ownDataTypeParameters>,,</ownDataTypeParameters>
</Attribute>
<Attribute name="cnpj" id="C584C399-64E8-6863-E45E-766779208F76">
<createdBy>arthu</createdBy>
<createdTime>2020-04-23 23:45:29 UTC</createdTime>
<generatorID>3369E243-9A03-F402-FAC3-7A642AF3A4FF</generatorID>
<ownerDesignName>modelologico</ownerDesignName>
<engineerTo>
<item key="784B2550-A4EE-D540-0102-320698221025" value="true"/>
</engineerTo>
<referedAttribute>4C164578-5F6F-881D-4089-EFD6B70AA7C2</referedAttribute>
<use>0</use>
<ownDataTypeParameters>,,</ownDataTypeParameters>
</Attribute>
</attributes>
<identifiers itemClass="oracle.dbtools.crest.model.design.logical.CandidateKey">
<identifier id="555BBA33-D6F2-B1CC-3649-0F2281420125" name="Veiculo PK">
<createdBy>arthu</createdBy>
<createdTime>2020-04-23 12:09:36 UTC</createdTime>
<ownerDesignName>modelologico</ownerDesignName>
<engineerTo>
<item key="784B2550-A4EE-D540-0102-320698221025" value="true"/>
</engineerTo>
<pk>true</pk>
<usedAttributes>
<attributeRef>15BC485D-C548-6F09-E8F0-BE8087ED2F0E</attributeRef>
</usedAttributes>
</identifier>
</identifiers>
</Entity>