<?xml version = '1.0' encoding = 'UTF-8'?>
<Entity class="oracle.dbtools.crest.model.design.logical.Entity" directorySegmentName="seg_0" id="7F18F46A-23B8-EA25-8F4C-7AD5C56976DB" name="Funcionario">
<createdBy>felip</createdBy>
<createdTime>2020-04-01 01:18:21 UTC</createdTime>
<ownerDesignName>modelologico</ownerDesignName>
<engineerTo>
<item key="784B2550-A4EE-D540-0102-320698221025" value="true"/>
</engineerTo>
<adequatelyNormalized>NO</adequatelyNormalized>
<expectedVolumes>0</expectedVolumes>
<fwdEngineeringStrategyName>Single Table</fwdEngineeringStrategyName>
<growthPercent>0</growthPercent>
<growthType>Year</growthType>
<maxVolumes>9999999</maxVolumes>
<minVolumes>0</minVolumes>
<normalForm>Third</normalForm>
<attributes itemClass="oracle.dbtools.crest.model.design.logical.Attribute">
<Attribute name="nome" id="CE8AFBDE-7B83-12D8-95FB-268AA9E7EED8">
<createdBy>felip</createdBy>
<createdTime>2020-04-09 00:42:31 UTC</createdTime>
<ownerDesignName>modelologico</ownerDesignName>
<engineerTo>
<item key="784B2550-A4EE-D540-0102-320698221025" value="true"/>
</engineerTo>
<use>0</use>
<ownDataTypeParameters>,,</ownDataTypeParameters>
</Attribute>
<Attribute name="matricula" id="B8FDB6C8-F240-9256-D93B-6DDEC96D4E27">
<createdBy>felip</createdBy>
<createdTime>2020-04-09 00:42:37 UTC</createdTime>
<ownerDesignName>modelologico</ownerDesignName>
<engineerTo>
<item key="784B2550-A4EE-D540-0102-320698221025" value="true"/>
</engineerTo>
<use>0</use>
<ownDataTypeParameters>,,</ownDataTypeParameters>
</Attribute>
<Attribute name="cpf" id="87DF96B4-5FC6-22D1-F5F0-1AB82C2B5922">
<createdBy>felip</createdBy>
<createdTime>2020-04-09 00:42:51 UTC</createdTime>
<ownerDesignName>modelologico</ownerDesignName>
<engineerTo>
<item key="784B2550-A4EE-D540-0102-320698221025" value="true"/>
</engineerTo>
<use>0</use>
<ownDataTypeParameters>,,</ownDataTypeParameters>
</Attribute>
<Attribute name="funcao" id="262D0E2A-6164-286E-10F1-1D355678C85E">
<createdBy>felip</createdBy>
<createdTime>2020-04-09 00:45:31 UTC</createdTime>
<ownerDesignName>modelologico</ownerDesignName>
<engineerTo>
<item key="784B2550-A4EE-D540-0102-320698221025" value="true"/>
</engineerTo>
<use>0</use>
<ownDataTypeParameters>,,</ownDataTypeParameters>
</Attribute>
</attributes>
<identifiers itemClass="oracle.dbtools.crest.model.design.logical.CandidateKey">
<identifier id="D558BD2A-8436-873F-1A54-3E76D4E09932" name="Funcionario PK">
<createdBy>arthu</createdBy>
<createdTime>2020-04-23 12:11:28 UTC</createdTime>
<ownerDesignName>modelologico</ownerDesignName>
<engineerTo>
<item key="784B2550-A4EE-D540-0102-320698221025" value="true"/>
</engineerTo>
<pk>true</pk>
<usedAttributes>
<attributeRef>B8FDB6C8-F240-9256-D93B-6DDEC96D4E27</attributeRef>
</usedAttributes>
</identifier>
</identifiers>
</Entity>