<?xml version = '1.0' encoding = 'UTF-8'?>
<Entity class="oracle.dbtools.crest.model.design.logical.Entity" directorySegmentName="seg_0" id="BE39BD59-2DF4-0ED6-5B64-D7CCA0EBA4C3" name="Vistoria">
<createdBy>felip</createdBy>
<createdTime>2020-04-01 01:14:36 UTC</createdTime>
<ownerDesignName>modelologico</ownerDesignName>
<engineerTo>
<item key="784B2550-A4EE-D540-0102-320698221025" value="true"/>
</engineerTo>
<adequatelyNormalized>NO</adequatelyNormalized>
<expectedVolumes>0</expectedVolumes>
<fwdEngineeringStrategyName>Single Table</fwdEngineeringStrategyName>
<growthPercent>0</growthPercent>
<growthType>Year</growthType>
<maxVolumes>9999999</maxVolumes>
<minVolumes>0</minVolumes>
<normalForm>Third</normalForm>
<attributes itemClass="oracle.dbtools.crest.model.design.logical.Attribute">
<Attribute name="data" id="020B1789-8A0F-E6C1-76ED-8E4246DBAEA0">
<createdBy>felip</createdBy>
<createdTime>2020-04-09 00:52:37 UTC</createdTime>
<ownerDesignName>modelologico</ownerDesignName>
<engineerTo>
<item key="784B2550-A4EE-D540-0102-320698221025" value="true"/>
</engineerTo>
<use>0</use>
<ownDataTypeParameters>,,</ownDataTypeParameters>
</Attribute>
<Attribute name="ordem servico" id="AB9B2F29-2F81-B5DB-8023-C0E17ACB29EF">
<createdBy>felip</createdBy>
<createdTime>2020-04-09 00:54:11 UTC</createdTime>
<ownerDesignName>modelologico</ownerDesignName>
<engineerTo>
<item key="784B2550-A4EE-D540-0102-320698221025" value="true"/>
</engineerTo>
<use>0</use>
<ownDataTypeParameters>,,</ownDataTypeParameters>
</Attribute>
<Attribute name="matricula" id="DEF0434E-5D4B-79ED-B084-8B33E8E6A7D1">
<createdBy>arthu</createdBy>
<createdTime>2020-04-23 12:11:38 UTC</createdTime>
<generatorID>EB40113F-2DF3-192D-6E81-4A191C4C3F25</generatorID>
<ownerDesignName>modelologico</ownerDesignName>
<engineerTo>
<item key="784B2550-A4EE-D540-0102-320698221025" value="true"/>
</engineerTo>
<referedAttribute>B8FDB6C8-F240-9256-D93B-6DDEC96D4E27</referedAttribute>
<use>0</use>
<ownDataTypeParameters>,,</ownDataTypeParameters>
</Attribute>
<Attribute name="descricao" id="8F56A3AC-79B4-F2D0-0813-497AD90D8BE9">
<createdBy>arthu</createdBy>
<createdTime>2020-04-23 19:39:22 UTC</createdTime>
<ownerDesignName>modelologico</ownerDesignName>
<engineerTo>
<item key="784B2550-A4EE-D540-0102-320698221025" value="true"/>
</engineerTo>
<use>0</use>
<ownDataTypeParameters>,,</ownDataTypeParameters>
</Attribute>
</attributes>
<identifiers itemClass="oracle.dbtools.crest.model.design.logical.CandidateKey">
<identifier id="DCD448AA-95AA-D009-B422-44AD3927C652" name="Vistoria PK">
<createdBy>arthu</createdBy>
<createdTime>2020-04-23 12:09:58 UTC</createdTime>
<ownerDesignName>modelologico</ownerDesignName>
<engineerTo>
<item key="784B2550-A4EE-D540-0102-320698221025" value="true"/>
</engineerTo>
<pk>true</pk>
<usedAttributes>
<attributeRef>AB9B2F29-2F81-B5DB-8023-C0E17ACB29EF</attributeRef>
</usedAttributes>
</identifier>
</identifiers>
</Entity>