<?xml version = '1.0' encoding = 'UTF-8'?>
<FKIndexAssociation class="oracle.dbtools.crest.model.design.relational.FKIndexAssociation" directorySegmentName="seg_0" id="AF2AAEA5-4E62-2DAC-FBEE-4AC2D1770E07" containerWithKeyObject="63D93FCC-CA87-01A5-5EEC-B93E6FC26C3E" localFKIndex="D4EBE77E-6C7C-2506-E3E1-918C02AABA5B" name="Cliente_PJ_Clientes_FK">
<createdBy>arthu</createdBy>
<createdTime>2020-06-04 00:55:54 UTC</createdTime>
<ownerDesignName>modelo_logico_relacional</ownerDesignName>
<referredTableLongName>Clientes</referredTableLongName>
<deleteRule>NO ACTION</deleteRule>
<referredTableID>8FE87AD7-5F22-81F2-18A1-1D0D15C5F22C</referredTableID>
<keyObject>39110DA5-C377-726D-995A-175CAB019695</keyObject>
<referredKeyID>39110DA5-C377-726D-995A-175CAB019695</referredKeyID>
<mandatory>true</mandatory>
<refColNames>id</refColNames>
<transferable>true</transferable>
<rely>false</rely>
<columnDependencyConstraintGenerateInDDL>true</columnDependencyConstraintGenerateInDDL>
</FKIndexAssociation>