<?xml version = '1.0' encoding = 'UTF-8'?>
<Table class="oracle.dbtools.crest.model.design.relational.Table" directorySegmentName="seg_0" id="0161169A-EA2B-11C7-07F4-19E357CE8231" name="Funcionario">
<createdBy>leomg</createdBy>
<createdTime>2020-05-01 16:45:01 UTC</createdTime>
<ownerDesignName>modelo_logico_relacional</ownerDesignName>
<ordsAlias>table_3</ordsAlias>
<allowColumnReorder>false</allowColumnReorder>
<existDependencyGenerateInDDl>true</existDependencyGenerateInDDl>
<parsed>true</parsed>
<columns itemClass="oracle.dbtools.crest.model.design.relational.Column">
<Column name="matricula" id="C3B9DBB9-5A09-3720-03DB-2E0E0921B291">
<createdBy>leomg</createdBy>
<createdTime>2020-05-01 16:46:17 UTC</createdTime>
<ownerDesignName>modelo_logico_relacional</ownerDesignName>
<useDomainConstraints>false</useDomainConstraints>
<use>1</use>
<logicalDatatype>LOGDT011</logicalDatatype>
<ownDataTypeParameters>,,</ownDataTypeParameters>
<autoIncrementCycle>false</autoIncrementCycle>
</Column>
<Column name="nome" id="4D8486DA-A3FA-C0EF-5659-F6F9CACB5F4E">
<createdBy>leomg</createdBy>
<createdTime>2020-05-01 16:46:17 UTC</createdTime>
<ownerDesignName>modelo_logico_relacional</ownerDesignName>
<useDomainConstraints>false</useDomainConstraints>
<use>1</use>
<logicalDatatype>LOGDT024</logicalDatatype>
<ownDataTypeParameters>,,</ownDataTypeParameters>
<autoIncrementCycle>false</autoIncrementCycle>
</Column>
<Column name="sobrenome" id="66CCEBF2-BBBB-01C0-8DF6-910C34F64BE7">
<createdBy>leomg</createdBy>
<createdTime>2020-05-01 16:47:14 UTC</createdTime>
<ownerDesignName>modelo_logico_relacional</ownerDesignName>
<useDomainConstraints>false</useDomainConstraints>
<use>1</use>
<logicalDatatype>LOGDT024</logicalDatatype>
<ownDataTypeParameters>,,</ownDataTypeParameters>
<autoIncrementCycle>false</autoIncrementCycle>
</Column>
<Column name="cpf" id="8A904713-ED0D-860B-B5B3-4CDDA907FEC4">
<createdBy>leomg</createdBy>
<createdTime>2020-05-01 16:47:14 UTC</createdTime>
<ownerDesignName>modelo_logico_relacional</ownerDesignName>
<useDomainConstraints>false</useDomainConstraints>
<use>1</use>
<logicalDatatype>LOGDT024</logicalDatatype>
<ownDataTypeParameters>,,</ownDataTypeParameters>
<autoIncrementCycle>false</autoIncrementCycle>
</Column>
<Column name="funcao" id="F7E9AF3B-B360-22C8-6D60-9A17A141ECD9">
<createdBy>leomg</createdBy>
<createdTime>2020-05-01 16:47:14 UTC</createdTime>
<ownerDesignName>modelo_logico_relacional</ownerDesignName>
<useDomainConstraints>false</useDomainConstraints>
<use>1</use>
<logicalDatatype>LOGDT024</logicalDatatype>
<ownDataTypeParameters>,,</ownDataTypeParameters>
<autoIncrementCycle>false</autoIncrementCycle>
</Column>
</columns>
<indexes itemClass="oracle.dbtools.crest.model.design.relational.Index">
<ind_PK_UK id="9461345C-3E41-FEAC-260C-22889BA4410C" name="Funcionarios_PK">
<createdBy>leomg</createdBy>
<createdTime>2020-05-01 16:48:22 UTC</createdTime>
<ownerDesignName>modelo_logico_relacional</ownerDesignName>
<pk>true</pk>
<indexState>Primary Constraint</indexState>
<isSurrogateKey>false</isSurrogateKey>
<indexColumnUsage>
<colUsage columnID="C3B9DBB9-5A09-3720-03DB-2E0E0921B291"/>
</indexColumnUsage>
</ind_PK_UK>
</indexes>
</Table>