<?xml version = '1.0' encoding = 'UTF-8'?>
<Table class="oracle.dbtools.crest.model.design.relational.Table" directorySegmentName="seg_0" id="12B7044D-FD31-5A63-E9BF-BF1ED8C3844D" name="Veiculo">
<createdBy>leomg</createdBy>
<createdTime>2020-05-05 23:30:02 UTC</createdTime>
<ownerDesignName>modelo_logico_relacional</ownerDesignName>
<ordsAlias>table_5</ordsAlias>
<allowColumnReorder>false</allowColumnReorder>
<existDependencyGenerateInDDl>true</existDependencyGenerateInDDl>
<parsed>true</parsed>
<columns itemClass="oracle.dbtools.crest.model.design.relational.Column">
<Column name="id" id="12F12E4E-F4C6-5EA8-648A-11995F76237B">
<createdBy>leomg</createdBy>
<createdTime>2020-05-05 23:32:55 UTC</createdTime>
<ownerDesignName>modelo_logico_relacional</ownerDesignName>
<useDomainConstraints>false</useDomainConstraints>
<use>1</use>
<logicalDatatype>LOGDT011</logicalDatatype>
<ownDataTypeParameters>,,</ownDataTypeParameters>
<autoIncrementCycle>false</autoIncrementCycle>
</Column>
<Column name="placa" id="A7B1485A-E8B1-78A6-4886-D8F40356DF9D">
<createdBy>leomg</createdBy>
<createdTime>2020-05-05 23:30:41 UTC</createdTime>
<ownerDesignName>modelo_logico_relacional</ownerDesignName>
<useDomainConstraints>false</useDomainConstraints>
<use>1</use>
<logicalDatatype>LOGDT024</logicalDatatype>
<ownDataTypeParameters>,,</ownDataTypeParameters>
<autoIncrementCycle>false</autoIncrementCycle>
</Column>
<Column name="marca" id="ACD6DB9F-6438-5F2D-02F6-CE521295E643">
<createdBy>leomg</createdBy>
<createdTime>2020-05-05 23:30:41 UTC</createdTime>
<ownerDesignName>modelo_logico_relacional</ownerDesignName>
<useDomainConstraints>false</useDomainConstraints>
<use>1</use>
<logicalDatatype>LOGDT024</logicalDatatype>
<ownDataTypeParameters>,,</ownDataTypeParameters>
<autoIncrementCycle>false</autoIncrementCycle>
</Column>
<Column name="modelo" id="6A0B45C7-F309-715F-E787-0A9C710E580B">
<createdBy>leomg</createdBy>
<createdTime>2020-05-05 23:31:21 UTC</createdTime>
<ownerDesignName>modelo_logico_relacional</ownerDesignName>
<useDomainConstraints>false</useDomainConstraints>
<use>1</use>
<logicalDatatype>LOGDT024</logicalDatatype>
<ownDataTypeParameters>,,</ownDataTypeParameters>
<autoIncrementCycle>false</autoIncrementCycle>
</Column>
<Column name="km" id="4D9B6B2D-7973-AFDA-3E52-4000E7DC0BC3">
<createdBy>leomg</createdBy>
<createdTime>2020-05-05 23:32:55 UTC</createdTime>
<ownerDesignName>modelo_logico_relacional</ownerDesignName>
<useDomainConstraints>false</useDomainConstraints>
<use>1</use>
<logicalDatatype>LOGDT011</logicalDatatype>
<ownDataTypeParameters>,,</ownDataTypeParameters>
<autoIncrementCycle>false</autoIncrementCycle>
</Column>
<Column name="versao" id="7E62841F-9890-7645-2B0E-96E8D4012E56">
<createdBy>leomg</createdBy>
<createdTime>2020-05-05 23:32:55 UTC</createdTime>
<ownerDesignName>modelo_logico_relacional</ownerDesignName>
<useDomainConstraints>false</useDomainConstraints>
<use>1</use>
<logicalDatatype>LOGDT024</logicalDatatype>
<ownDataTypeParameters>,,</ownDataTypeParameters>
<autoIncrementCycle>false</autoIncrementCycle>
</Column>
<Column name="Cliente_pf_id" id="D12C9A8E-3E1A-35ED-6CAC-32276CE34172">
<createdBy>leomg</createdBy>
<createdTime>2020-05-06 00:59:50 UTC</createdTime>
<ownerDesignName>modelo_logico_relacional</ownerDesignName>
<useDomainConstraints>false</useDomainConstraints>
<use>1</use>
<logicalDatatype>LOGDT011</logicalDatatype>
<ownDataTypeParameters>,,</ownDataTypeParameters>
<autoIncrementCycle>false</autoIncrementCycle>
<associations>
<colAssociation fkAssociation="EAA3872A-4B0D-FC86-4DA8-33025E63BE8D" referredColumn="311DABAD-4F6B-DEDC-835F-6CF58E0B3FC8"/>
</associations>
</Column>
<Column name="Cliente_PJ_id" id="FD29DD6B-B4C3-CAF0-4608-FD5135835FA3">
<createdBy>leomg</createdBy>
<createdTime>2020-05-22 16:08:49 UTC</createdTime>
<ownerDesignName>modelo_logico_relacional</ownerDesignName>
<useDomainConstraints>false</useDomainConstraints>
<use>1</use>
<logicalDatatype>LOGDT011</logicalDatatype>
<ownDataTypeParameters>,,</ownDataTypeParameters>
<previousColumn>false</previousColumn>
<autoIncrementCycle>false</autoIncrementCycle>
<associations>
<colAssociation fkAssociation="DC5A50EA-4B12-3402-7C60-CE6B3A87E1EE" referredColumn="14177C58-4A22-395E-CA53-67B80474FBBD"/>
</associations>
</Column>
</columns>
<indexes itemClass="oracle.dbtools.crest.model.design.relational.Index">
<ind_PK_UK id="978C6C4A-7AB5-06BD-C195-DBD82AA8F399" name="Veiculos_PK">
<createdBy>leomg</createdBy>
<createdTime>2020-05-05 23:32:55 UTC</createdTime>
<ownerDesignName>modelo_logico_relacional</ownerDesignName>
<pk>true</pk>
<indexState>Primary Constraint</indexState>
<isSurrogateKey>false</isSurrogateKey>
<indexColumnUsage>
<colUsage columnID="12F12E4E-F4C6-5EA8-648A-11995F76237B"/>
</indexColumnUsage>
</ind_PK_UK>
<ind_PK_UK id="94F08FBF-364A-EDA8-8EDF-2F3CBCEFA30D" name="Veiculo_Cliente_PF_FK">
<createdBy>leomg</createdBy>
<createdTime>2020-05-22 16:08:38 UTC</createdTime>
<ownerDesignName>modelo_logico_relacional</ownerDesignName>
<indexState>Foreign Key</indexState>
<isSurrogateKey>false</isSurrogateKey>
<indexColumnUsage>
<colUsage columnID="D12C9A8E-3E1A-35ED-6CAC-32276CE34172"/>
</indexColumnUsage>
</ind_PK_UK>
<ind_PK_UK id="1D3B9DB9-14C0-4856-243F-534A7BA01D2D" name="Veiculo_Cliente_PJ_FK">
<createdBy>leomg</createdBy>
<createdTime>2020-05-22 16:08:49 UTC</createdTime>
<ownerDesignName>modelo_logico_relacional</ownerDesignName>
<indexState>Foreign Key</indexState>
<isSurrogateKey>false</isSurrogateKey>
<indexColumnUsage>
<colUsage columnID="FD29DD6B-B4C3-CAF0-4608-FD5135835FA3"/>
</indexColumnUsage>
</ind_PK_UK>
</indexes>
</Table>