<?xml version = '1.0' encoding = 'UTF-8'?>
<Table class="oracle.dbtools.crest.model.design.relational.Table" directorySegmentName="seg_0" id="478F3E4D-1588-F96E-2CFE-19548FEFD5BE" name="Cliente_PF">
<createdBy>leomg</createdBy>
<createdTime>2020-05-05 23:01:48 UTC</createdTime>
<ownerDesignName>modelo_logico_relacional</ownerDesignName>
<ordsAlias>table_3</ordsAlias>
<allowColumnReorder>false</allowColumnReorder>
<existDependencyGenerateInDDl>true</existDependencyGenerateInDDl>
<parsed>true</parsed>
<columns itemClass="oracle.dbtools.crest.model.design.relational.Column">
<Column name="id" id="311DABAD-4F6B-DEDC-835F-6CF58E0B3FC8">
<createdBy>leomg</createdBy>
<createdTime>2020-05-06 01:01:44 UTC</createdTime>
<ownerDesignName>modelo_logico_relacional</ownerDesignName>
<useDomainConstraints>false</useDomainConstraints>
<use>1</use>
<logicalDatatype>LOGDT011</logicalDatatype>
<ownDataTypeParameters>,,</ownDataTypeParameters>
<autoIncrementCycle>false</autoIncrementCycle>
</Column>
<Column name="cpf" id="3EF6195D-C456-4978-7D15-59A6E10241B5">
<createdBy>leomg</createdBy>
<createdTime>2020-05-05 23:03:20 UTC</createdTime>
<ownerDesignName>modelo_logico_relacional</ownerDesignName>
<useDomainConstraints>false</useDomainConstraints>
<use>1</use>
<logicalDatatype>LOGDT024</logicalDatatype>
<ownDataTypeParameters>,,</ownDataTypeParameters>
<autoIncrementCycle>false</autoIncrementCycle>
</Column>
<Column name="nome" id="80FCF065-0C6B-646E-DB86-6CA457793E26">
<createdBy>leomg</createdBy>
<createdTime>2020-05-05 23:03:20 UTC</createdTime>
<ownerDesignName>modelo_logico_relacional</ownerDesignName>
<useDomainConstraints>false</useDomainConstraints>
<use>1</use>
<logicalDatatype>LOGDT024</logicalDatatype>
<ownDataTypeParameters>,,</ownDataTypeParameters>
<autoIncrementCycle>false</autoIncrementCycle>
</Column>
<Column name="sobrenome" id="5404ECAB-4E29-7893-1ADD-33C95038F86C">
<createdBy>leomg</createdBy>
<createdTime>2020-05-05 23:03:20 UTC</createdTime>
<ownerDesignName>modelo_logico_relacional</ownerDesignName>
<useDomainConstraints>false</useDomainConstraints>
<use>1</use>
<logicalDatatype>LOGDT024</logicalDatatype>
<ownDataTypeParameters>,,</ownDataTypeParameters>
<autoIncrementCycle>false</autoIncrementCycle>
</Column>
<Column name="email" id="78B76D2E-9725-209C-D7AC-3FE4351F58CB">
<createdBy>leomg</createdBy>
<createdTime>2020-05-05 23:03:20 UTC</createdTime>
<ownerDesignName>modelo_logico_relacional</ownerDesignName>
<useDomainConstraints>false</useDomainConstraints>
<use>1</use>
<logicalDatatype>LOGDT024</logicalDatatype>
<ownDataTypeParameters>,,</ownDataTypeParameters>
<autoIncrementCycle>false</autoIncrementCycle>
</Column>
<Column name="telefone" id="0A697D41-D1A5-1014-2D26-0242CEC75521">
<createdBy>leomg</createdBy>
<createdTime>2020-05-05 23:03:20 UTC</createdTime>
<ownerDesignName>modelo_logico_relacional</ownerDesignName>
<useDomainConstraints>false</useDomainConstraints>
<use>1</use>
<logicalDatatype>LOGDT024</logicalDatatype>
<ownDataTypeParameters>,,</ownDataTypeParameters>
<autoIncrementCycle>false</autoIncrementCycle>
</Column>
</columns>
<indexes itemClass="oracle.dbtools.crest.model.design.relational.Index">
<ind_PK_UK id="29087D4B-1C21-2894-7683-7018E04C2794" name="Clientes_PF_PK">
<createdBy>leomg</createdBy>
<createdTime>2020-05-05 23:28:26 UTC</createdTime>
<ownerDesignName>modelo_logico_relacional</ownerDesignName>
<pk>true</pk>
<indexState>Primary Constraint</indexState>
<isSurrogateKey>false</isSurrogateKey>
<indexColumnUsage>
<colUsage columnID="311DABAD-4F6B-DEDC-835F-6CF58E0B3FC8"/>
</indexColumnUsage>
</ind_PK_UK>
</indexes>
</Table>