<?xml version = '1.0' encoding = 'UTF-8'?>
<Table class="oracle.dbtools.crest.model.design.relational.Table" directorySegmentName="seg_0" id="63D93FCC-CA87-01A5-5EEC-B93E6FC26C3E" name="Cliente_PJ">
<createdBy>leomg</createdBy>
<createdTime>2020-05-05 23:28:40 UTC</createdTime>
<ownerDesignName>modelo_logico_relacional</ownerDesignName>
<ordsAlias>table_4</ordsAlias>
<allowColumnReorder>false</allowColumnReorder>
<existDependencyGenerateInDDl>true</existDependencyGenerateInDDl>
<parsed>true</parsed>
<columns itemClass="oracle.dbtools.crest.model.design.relational.Column">
<Column name="id" id="14177C58-4A22-395E-CA53-67B80474FBBD">
<createdBy>leomg</createdBy>
<createdTime>2020-05-05 23:29:47 UTC</createdTime>
<ownerDesignName>modelo_logico_relacional</ownerDesignName>
<useDomainConstraints>false</useDomainConstraints>
<use>1</use>
<logicalDatatype>LOGDT011</logicalDatatype>
<ownDataTypeParameters>,,</ownDataTypeParameters>
<autoIncrementCycle>false</autoIncrementCycle>
</Column>
<Column name="cnpj" id="20AF31E9-6E28-8C9E-6EB3-74F04D674EE5">
<createdBy>leomg</createdBy>
<createdTime>2020-05-05 23:29:47 UTC</createdTime>
<ownerDesignName>modelo_logico_relacional</ownerDesignName>
<useDomainConstraints>false</useDomainConstraints>
<use>1</use>
<logicalDatatype>LOGDT024</logicalDatatype>
<ownDataTypeParameters>,,</ownDataTypeParameters>
<autoIncrementCycle>false</autoIncrementCycle>
</Column>
<Column name="razao_social" id="65D905C7-C875-0663-B1A5-5CC98DF7DBFD">
<createdBy>leomg</createdBy>
<createdTime>2020-05-05 23:29:47 UTC</createdTime>
<ownerDesignName>modelo_logico_relacional</ownerDesignName>
<useDomainConstraints>false</useDomainConstraints>
<use>1</use>
<logicalDatatype>LOGDT024</logicalDatatype>
<ownDataTypeParameters>,,</ownDataTypeParameters>
<autoIncrementCycle>false</autoIncrementCycle>
</Column>
<Column name="email" id="D179E231-97B1-78BC-78B4-9AD79F1C798D">
<createdBy>leomg</createdBy>
<createdTime>2020-05-05 23:29:47 UTC</createdTime>
<ownerDesignName>modelo_logico_relacional</ownerDesignName>
<useDomainConstraints>false</useDomainConstraints>
<use>1</use>
<logicalDatatype>LOGDT024</logicalDatatype>
<ownDataTypeParameters>,,</ownDataTypeParameters>
<autoIncrementCycle>false</autoIncrementCycle>
</Column>
<Column name="telefone" id="56B747D7-7884-4AA7-7974-B9994C3646F2">
<createdBy>leomg</createdBy>
<createdTime>2020-05-05 23:29:47 UTC</createdTime>
<ownerDesignName>modelo_logico_relacional</ownerDesignName>
<useDomainConstraints>false</useDomainConstraints>
<use>1</use>
<logicalDatatype>LOGDT024</logicalDatatype>
<ownDataTypeParameters>,,</ownDataTypeParameters>
<autoIncrementCycle>false</autoIncrementCycle>
</Column>
</columns>
<indexes itemClass="oracle.dbtools.crest.model.design.relational.Index">
<ind_PK_UK id="4D4593CA-4E43-9C4E-D576-A34C2820AD27" name="Clientes_PJ_PK">
<createdBy>leomg</createdBy>
<createdTime>2020-05-05 23:29:47 UTC</createdTime>
<ownerDesignName>modelo_logico_relacional</ownerDesignName>
<pk>true</pk>
<indexState>Primary Constraint</indexState>
<isSurrogateKey>false</isSurrogateKey>
<indexColumnUsage>
<colUsage columnID="14177C58-4A22-395E-CA53-67B80474FBBD"/>
</indexColumnUsage>
</ind_PK_UK>
</indexes>
</Table>