<?xml version = '1.0' encoding = 'UTF-8'?>
<Table class="oracle.dbtools.crest.model.design.relational.Table" directorySegmentName="seg_0" id="8B27EC4D-33EC-9A4D-4079-17BBA9CF7EB9" name="Fornecedor">
<createdBy>leomg</createdBy>
<createdTime>2020-05-06 01:04:01 UTC</createdTime>
<ownerDesignName>modelo_logico_relacional</ownerDesignName>
<ordsAlias>table_11</ordsAlias>
<allowColumnReorder>false</allowColumnReorder>
<existDependencyGenerateInDDl>true</existDependencyGenerateInDDl>
<parsed>true</parsed>
<columns itemClass="oracle.dbtools.crest.model.design.relational.Column">
<Column name="id" id="50BE451C-9944-24AB-6809-C4C2A33C3BD9">
<createdBy>leomg</createdBy>
<createdTime>2020-05-06 01:06:07 UTC</createdTime>
<ownerDesignName>modelo_logico_relacional</ownerDesignName>
<useDomainConstraints>false</useDomainConstraints>
<use>1</use>
<logicalDatatype>LOGDT011</logicalDatatype>
<ownDataTypeParameters>,,</ownDataTypeParameters>
<autoIncrementCycle>false</autoIncrementCycle>
</Column>
<Column name="cnpj" id="7266E6CE-EBB1-1BBC-D071-69FD430DF491">
<createdBy>leomg</createdBy>
<createdTime>2020-05-06 01:04:24 UTC</createdTime>
<ownerDesignName>modelo_logico_relacional</ownerDesignName>
<useDomainConstraints>false</useDomainConstraints>
<use>1</use>
<logicalDatatype>LOGDT024</logicalDatatype>
<ownDataTypeParameters>,,</ownDataTypeParameters>
<autoIncrementCycle>false</autoIncrementCycle>
</Column>
<Column name="razao_social" id="1775992F-456E-E1DE-A50B-DC8A8B2943EF">
<createdBy>leomg</createdBy>
<createdTime>2020-05-06 01:05:03 UTC</createdTime>
<ownerDesignName>modelo_logico_relacional</ownerDesignName>
<useDomainConstraints>false</useDomainConstraints>
<use>1</use>
<logicalDatatype>LOGDT024</logicalDatatype>
<ownDataTypeParameters>,,</ownDataTypeParameters>
<autoIncrementCycle>false</autoIncrementCycle>
</Column>
<Column name="nome_fantasia" id="879A73CF-3EB9-DFD6-E389-D7F5201F4C61">
<createdBy>leomg</createdBy>
<createdTime>2020-05-06 01:05:03 UTC</createdTime>
<ownerDesignName>modelo_logico_relacional</ownerDesignName>
<nullsAllowed>true</nullsAllowed>
<useDomainConstraints>false</useDomainConstraints>
<use>1</use>
<logicalDatatype>LOGDT024</logicalDatatype>
<ownDataTypeParameters>,,</ownDataTypeParameters>
<autoIncrementCycle>false</autoIncrementCycle>
</Column>
</columns>
<indexes itemClass="oracle.dbtools.crest.model.design.relational.Index">
<ind_PK_UK id="9D65B721-ED63-EB64-59BC-28AE0BC69CA5" name="Fornecedores_PK">
<createdBy>leomg</createdBy>
<createdTime>2020-05-06 01:06:19 UTC</createdTime>
<ownerDesignName>modelo_logico_relacional</ownerDesignName>
<pk>true</pk>
<indexState>Primary Constraint</indexState>
<isSurrogateKey>false</isSurrogateKey>
<indexColumnUsage>
<colUsage columnID="50BE451C-9944-24AB-6809-C4C2A33C3BD9"/>
</indexColumnUsage>
</ind_PK_UK>
</indexes>
</Table>