<?xml version = '1.0' encoding = 'UTF-8'?>
<Table class="oracle.dbtools.crest.model.design.relational.Table" directorySegmentName="seg_0" id="9AFD6B65-D1A1-F031-8118-8B328A462CE9" name="Compra">
<createdBy>leomg</createdBy>
<createdTime>2020-05-05 23:46:35 UTC</createdTime>
<ownerDesignName>modelo_logico_relacional</ownerDesignName>
<ordsAlias>table_10</ordsAlias>
<allowColumnReorder>false</allowColumnReorder>
<existDependencyGenerateInDDl>true</existDependencyGenerateInDDl>
<parsed>true</parsed>
<columns itemClass="oracle.dbtools.crest.model.design.relational.Column">
<Column name="id" id="B1C09C8D-CCF5-839D-7763-3B1C11A07724">
<createdBy>leomg</createdBy>
<createdTime>2020-05-05 23:47:11 UTC</createdTime>
<ownerDesignName>modelo_logico_relacional</ownerDesignName>
<useDomainConstraints>false</useDomainConstraints>
<use>1</use>
<logicalDatatype>LOGDT011</logicalDatatype>
<ownDataTypeParameters>,,</ownDataTypeParameters>
<autoIncrementCycle>false</autoIncrementCycle>
</Column>
<Column name="data" id="E3365B04-A439-6FC5-8770-6622A6270E5F">
<createdBy>leomg</createdBy>
<createdTime>2020-05-05 23:47:11 UTC</createdTime>
<ownerDesignName>modelo_logico_relacional</ownerDesignName>
<useDomainConstraints>false</useDomainConstraints>
<use>1</use>
<logicalDatatype>LOGDT015</logicalDatatype>
<ownDataTypeParameters>,,</ownDataTypeParameters>
<autoIncrementCycle>false</autoIncrementCycle>
</Column>
<Column name="item" id="DC2429C6-972C-C4D4-FF0D-086FD5124A24">
<createdBy>leomg</createdBy>
<createdTime>2020-05-05 23:47:11 UTC</createdTime>
<ownerDesignName>modelo_logico_relacional</ownerDesignName>
<useDomainConstraints>false</useDomainConstraints>
<use>1</use>
<logicalDatatype>LOGDT024</logicalDatatype>
<ownDataTypeParameters>,,</ownDataTypeParameters>
<autoIncrementCycle>false</autoIncrementCycle>
</Column>
<Column name="marca" id="D7FCB293-0D3A-EC94-2DE6-40BBEEB07C85">
<createdBy>leomg</createdBy>
<createdTime>2020-05-05 23:47:11 UTC</createdTime>
<ownerDesignName>modelo_logico_relacional</ownerDesignName>
<useDomainConstraints>false</useDomainConstraints>
<use>1</use>
<logicalDatatype>LOGDT024</logicalDatatype>
<ownDataTypeParameters>,,</ownDataTypeParameters>
<autoIncrementCycle>false</autoIncrementCycle>
</Column>
<Column name="quantidade" id="0054E62A-80C8-F82A-D10C-A196C73B9C26">
<createdBy>leomg</createdBy>
<createdTime>2020-05-05 23:47:11 UTC</createdTime>
<ownerDesignName>modelo_logico_relacional</ownerDesignName>
<useDomainConstraints>false</useDomainConstraints>
<use>1</use>
<logicalDatatype>LOGDT011</logicalDatatype>
<ownDataTypeParameters>,,</ownDataTypeParameters>
<autoIncrementCycle>false</autoIncrementCycle>
</Column>
<Column name="valor" id="2C0F6323-0820-1189-971D-70B809A40E4D">
<createdBy>leomg</createdBy>
<createdTime>2020-05-05 23:47:11 UTC</createdTime>
<ownerDesignName>modelo_logico_relacional</ownerDesignName>
<useDomainConstraints>false</useDomainConstraints>
<use>1</use>
<logicalDatatype>LOGDT043</logicalDatatype>
<ownDataTypeParameters>,,</ownDataTypeParameters>
<autoIncrementCycle>false</autoIncrementCycle>
</Column>
<Column name="categoria" id="C96CFAD3-433C-A01E-3155-38F84773B1DF">
<createdBy>leomg</createdBy>
<createdTime>2020-05-05 23:47:26 UTC</createdTime>
<ownerDesignName>modelo_logico_relacional</ownerDesignName>
<useDomainConstraints>false</useDomainConstraints>
<use>1</use>
<logicalDatatype>LOGDT024</logicalDatatype>
<ownDataTypeParameters>,,</ownDataTypeParameters>
<autoIncrementCycle>false</autoIncrementCycle>
</Column>
<Column name="Funcionario_matricula" id="EBAF261A-0453-F3C4-1E64-DF71AB9717E8">
<createdBy>leomg</createdBy>
<createdTime>2020-05-22 16:09:43 UTC</createdTime>
<ownerDesignName>modelo_logico_relacional</ownerDesignName>
<useDomainConstraints>false</useDomainConstraints>
<use>1</use>
<logicalDatatype>LOGDT011</logicalDatatype>
<ownDataTypeParameters>,,</ownDataTypeParameters>
<previousColumn>false</previousColumn>
<autoIncrementCycle>false</autoIncrementCycle>
<associations>
<colAssociation fkAssociation="9216D67D-7028-780A-4BE8-F72F9EB9CC3C" referredColumn="C3B9DBB9-5A09-3720-03DB-2E0E0921B291"/>
</associations>
</Column>
<Column name="Fornecedor_id" id="2E66A95C-C11C-D39B-9306-836725CB22A3">
<createdBy>leomg</createdBy>
<createdTime>2020-05-22 16:16:37 UTC</createdTime>
<ownerDesignName>modelo_logico_relacional</ownerDesignName>
<useDomainConstraints>false</useDomainConstraints>
<use>1</use>
<logicalDatatype>LOGDT011</logicalDatatype>
<ownDataTypeParameters>,,</ownDataTypeParameters>
<previousColumn>false</previousColumn>
<autoIncrementCycle>false</autoIncrementCycle>
<associations>
<colAssociation fkAssociation="B6E7713D-4EFA-049F-37CE-63FDB0F0A243" referredColumn="50BE451C-9944-24AB-6809-C4C2A33C3BD9"/>
</associations>
</Column>
</columns>
<indexes itemClass="oracle.dbtools.crest.model.design.relational.Index">
<ind_PK_UK id="BF694382-45E9-1632-6282-E67F1FA1893A" name="Compras_PK">
<createdBy>leomg</createdBy>
<createdTime>2020-05-05 23:48:50 UTC</createdTime>
<ownerDesignName>modelo_logico_relacional</ownerDesignName>
<pk>true</pk>
<indexState>Primary Constraint</indexState>
<isSurrogateKey>false</isSurrogateKey>
<indexColumnUsage>
<colUsage columnID="B1C09C8D-CCF5-839D-7763-3B1C11A07724"/>
</indexColumnUsage>
</ind_PK_UK>
<ind_PK_UK id="B8501EC1-256F-DBBF-D5CF-C057AAE4B9E9" name="Compra_Funcionario_FK">
<createdBy>leomg</createdBy>
<createdTime>2020-05-22 16:09:43 UTC</createdTime>
<ownerDesignName>modelo_logico_relacional</ownerDesignName>
<indexState>Foreign Key</indexState>
<isSurrogateKey>false</isSurrogateKey>
<indexColumnUsage>
<colUsage columnID="EBAF261A-0453-F3C4-1E64-DF71AB9717E8"/>
</indexColumnUsage>
</ind_PK_UK>
<ind_PK_UK id="C59985E5-EF76-5E1E-3322-95C05D581276" name="Compra_Fornecedor_FK">
<createdBy>leomg</createdBy>
<createdTime>2020-05-22 16:16:37 UTC</createdTime>
<ownerDesignName>modelo_logico_relacional</ownerDesignName>
<indexState>Foreign Key</indexState>
<isSurrogateKey>false</isSurrogateKey>
<indexColumnUsage>
<colUsage columnID="2E66A95C-C11C-D39B-9306-836725CB22A3"/>
</indexColumnUsage>
</ind_PK_UK>
</indexes>
</Table>