<?xml version = '1.0' encoding = 'UTF-8'?>
<Table class="oracle.dbtools.crest.model.design.relational.Table" directorySegmentName="seg_0" id="B7B399CC-00D2-EA2C-5B7B-4E6ABB0E6D90" name="Item">
<createdBy>leomg</createdBy>
<createdTime>2020-05-05 23:45:44 UTC</createdTime>
<ownerDesignName>modelo_logico_relacional</ownerDesignName>
<ordsAlias>table_9</ordsAlias>
<allowColumnReorder>false</allowColumnReorder>
<existDependencyGenerateInDDl>true</existDependencyGenerateInDDl>
<parsed>true</parsed>
<columns itemClass="oracle.dbtools.crest.model.design.relational.Column">
<Column name="quantidade" id="FA04DF62-1F50-6DF5-5FB9-27A108665138">
<createdBy>leomg</createdBy>
<createdTime>2020-05-05 23:46:07 UTC</createdTime>
<ownerDesignName>modelo_logico_relacional</ownerDesignName>
<useDomainConstraints>false</useDomainConstraints>
<use>1</use>
<logicalDatatype>LOGDT011</logicalDatatype>
<ownDataTypeParameters>,,</ownDataTypeParameters>
<autoIncrementCycle>false</autoIncrementCycle>
</Column>
<Column name="Compra_id" id="D30628FF-2F4A-5B3D-4835-CBB58D9EF526">
<createdBy>leomg</createdBy>
<createdTime>2020-05-22 16:10:00 UTC</createdTime>
<ownerDesignName>modelo_logico_relacional</ownerDesignName>
<useDomainConstraints>false</useDomainConstraints>
<use>1</use>
<logicalDatatype>LOGDT011</logicalDatatype>
<ownDataTypeParameters>,,</ownDataTypeParameters>
<previousColumn>false</previousColumn>
<autoIncrementCycle>false</autoIncrementCycle>
<associations>
<colAssociation fkAssociation="2E24D666-9025-632A-FF67-96287C5B725D" referredColumn="B1C09C8D-CCF5-839D-7763-3B1C11A07724"/>
</associations>
</Column>
<Column name="Servico_id" id="2301F992-F592-B706-1D70-BE59EBDE1977">
<createdBy>leomg</createdBy>
<createdTime>2020-05-22 16:16:31 UTC</createdTime>
<ownerDesignName>modelo_logico_relacional</ownerDesignName>
<useDomainConstraints>false</useDomainConstraints>
<use>1</use>
<logicalDatatype>LOGDT011</logicalDatatype>
<ownDataTypeParameters>,,</ownDataTypeParameters>
<previousColumn>false</previousColumn>
<autoIncrementCycle>false</autoIncrementCycle>
<associations>
<colAssociation fkAssociation="22A3606A-22F6-C6DD-F10E-DA85F7E0DCE6" referredColumn="ECC8D1F0-FEC4-83EE-A6FB-72F94474ABC9"/>
</associations>
</Column>
</columns>
<indexes itemClass="oracle.dbtools.crest.model.design.relational.Index">
<ind_PK_UK id="E077B402-FD3F-EF5C-8E98-9DDF02E04F5A" name="Item_Compra_FK">
<createdBy>leomg</createdBy>
<createdTime>2020-05-22 16:10:00 UTC</createdTime>
<ownerDesignName>modelo_logico_relacional</ownerDesignName>
<indexState>Foreign Key</indexState>
<isSurrogateKey>false</isSurrogateKey>
<indexColumnUsage>
<colUsage columnID="D30628FF-2F4A-5B3D-4835-CBB58D9EF526"/>
</indexColumnUsage>
</ind_PK_UK>
<ind_PK_UK id="8A22B999-A1CB-7DE8-F492-FF6F3FF6A58F" name="Item_Servico_FK">
<createdBy>leomg</createdBy>
<createdTime>2020-05-22 16:16:31 UTC</createdTime>
<ownerDesignName>modelo_logico_relacional</ownerDesignName>
<indexState>Foreign Key</indexState>
<isSurrogateKey>false</isSurrogateKey>
<indexColumnUsage>
<colUsage columnID="2301F992-F592-B706-1D70-BE59EBDE1977"/>
</indexColumnUsage>
</ind_PK_UK>
</indexes>
</Table>