<?xml version = '1.0' encoding = 'UTF-8'?>
<Relation class="oracle.dbtools.crest.model.design.logical.Relation" name="Relation_7" directorySegmentName="seg_0" id="03A9B034-A541-F310-C8AD-67121721D790">
<createdBy>felip</createdBy>
<createdTime>2020-04-01 01:29:43 UTC</createdTime>
<ownerDesignName>ModeloConceitual</ownerDesignName>
<engineerTo>
<item key="784B2550-A4EE-D540-0102-320698221025" value="true"/>
</engineerTo>
<identifying>false</identifying>
<optionalSource>false</optionalSource>
<optionalTarget>false</optionalTarget>
<sourceCardinality>1</sourceCardinality>
<sourceEntity>372F6F55-8C37-3429-E82C-CAC6A79869FD</sourceEntity>
<targetCardinalityString>1</targetCardinalityString>
<targetEntity>BE39BD59-2DF4-0ED6-5B64-D7CCA0EBA4C3</targetEntity>
<transferable>true</transferable>
<deleteRule>NO ACTION</deleteRule>
</Relation>