<?xml version = '1.0' encoding = 'UTF-8'?>
<Relation class="oracle.dbtools.crest.model.design.logical.Relation" name="Relation_17" directorySegmentName="seg_0" id="07A5FB00-725A-F893-0EA8-39D0A33B17EA">
<createdBy>felip</createdBy>
<createdTime>2020-04-04 00:03:43 UTC</createdTime>
<ownerDesignName>ModeloConceitual</ownerDesignName>
<engineerTo>
<item key="784B2550-A4EE-D540-0102-320698221025" value="true"/>
</engineerTo>
<identifying>false</identifying>
<optionalSource>false</optionalSource>
<optionalTarget>true</optionalTarget>
<sourceCardinality>1</sourceCardinality>
<sourceEntity>43C2B1FC-92AA-9B32-FC67-C3A241B51DF9</sourceEntity>
<targetCardinalityString>1</targetCardinalityString>
<targetEntity>372F6F55-8C37-3429-E82C-CAC6A79869FD</targetEntity>
<transferable>true</transferable>
<deleteRule>NO ACTION</deleteRule>
</Relation>