<?xml version = '1.0' encoding = 'UTF-8'?>
<Relation class="oracle.dbtools.crest.model.design.logical.Relation" name="Relation_12" directorySegmentName="seg_0" id="1EDC8F3F-6F12-DA61-BF8B-2206AEAB197B">
<createdBy>felip</createdBy>
<createdTime>2020-04-01 01:34:05 UTC</createdTime>
<ownerDesignName>ModeloConceitual</ownerDesignName>
<engineerTo>
<item key="784B2550-A4EE-D540-0102-320698221025" value="true"/>
</engineerTo>
<identifying>false</identifying>
<optionalSource>true</optionalSource>
<optionalTarget>false</optionalTarget>
<sourceCardinality>1</sourceCardinality>
<sourceEntity>C3C1E89A-88AA-7B16-6A50-569036DF2416</sourceEntity>
<targetCardinalityString>*</targetCardinalityString>
<targetEntity>BE39BD59-2DF4-0ED6-5B64-D7CCA0EBA4C3</targetEntity>
<transferable>true</transferable>
<deleteRule>NO ACTION</deleteRule>
</Relation>