<?xml version = '1.0' encoding = 'UTF-8'?>
<Relation class="oracle.dbtools.crest.model.design.logical.Relation" name="Relation_15" directorySegmentName="seg_0" id="1F81F50F-92C5-D3CA-DC13-EFAC96263C86">
<createdBy>felip</createdBy>
<createdTime>2020-04-01 01:40:45 UTC</createdTime>
<ownerDesignName>ModeloConceitual</ownerDesignName>
<engineerTo>
<item key="784B2550-A4EE-D540-0102-320698221025" value="true"/>
</engineerTo>
<identifying>false</identifying>
<optionalSource>false</optionalSource>
<optionalTarget>false</optionalTarget>
<sourceCardinality>1</sourceCardinality>
<sourceEntity>372F6F55-8C37-3429-E82C-CAC6A79869FD</sourceEntity>
<targetCardinalityString>*</targetCardinalityString>
<targetEntity>4B5466F3-09FD-537F-3C71-FBF968882ED8</targetEntity>
<transferable>true</transferable>
<deleteRule>NO ACTION</deleteRule>
</Relation>