<?xml version = '1.0' encoding = 'UTF-8'?>
<Relation class="oracle.dbtools.crest.model.design.logical.Relation" name="Relation_1" directorySegmentName="seg_0" id="231FFB78-8108-C75E-543B-68502597A1AA">
<createdBy>felip</createdBy>
<createdTime>2020-04-01 01:24:39 UTC</createdTime>
<ownerDesignName>ModeloConceitual</ownerDesignName>
<engineerTo>
<item key="784B2550-A4EE-D540-0102-320698221025" value="true"/>
</engineerTo>
<identifying>false</identifying>
<optionalSource>true</optionalSource>
<optionalTarget>false</optionalTarget>
<sourceCardinality>1</sourceCardinality>
<sourceEntity>0B4DD165-0F10-BBC7-D2C0-20633FDA5166</sourceEntity>
<targetCardinalityString>*</targetCardinalityString>
<targetEntity>7A8A9E3C-8E8F-E1A9-DF6F-53F63278F275</targetEntity>
<transferable>true</transferable>
<deleteRule>NO ACTION</deleteRule>
</Relation>