<?xml version = '1.0' encoding = 'UTF-8'?>
<Relation class="oracle.dbtools.crest.model.design.logical.Relation" name="Relation_10" directorySegmentName="seg_0" id="772E52A0-DD72-C11F-0EAE-F40E0E903879">
<createdBy>felip</createdBy>
<createdTime>2020-04-01 01:31:38 UTC</createdTime>
<ownerDesignName>ModeloConceitual</ownerDesignName>
<engineerTo>
<item key="784B2550-A4EE-D540-0102-320698221025" value="true"/>
</engineerTo>
<identifying>false</identifying>
<optionalSource>true</optionalSource>
<optionalTarget>false</optionalTarget>
<sourceCardinality>1</sourceCardinality>
<sourceEntity>3509AC98-F09C-0FD7-DE0E-0E2E2B46AB9A</sourceEntity>
<targetCardinalityString>*</targetCardinalityString>
<targetEntity>245846F3-E498-2614-ECAE-07B023682573</targetEntity>
<transferable>true</transferable>
<deleteRule>NO ACTION</deleteRule>
</Relation>