<?xml version = '1.0' encoding = 'UTF-8'?>
<Relation class="oracle.dbtools.crest.model.design.logical.Relation" name="Relation_18" directorySegmentName="seg_0" id="77EEAEEA-3A68-D659-84F0-5598FB0D073D">
<createdBy>felip</createdBy>
<createdTime>2020-04-04 00:15:18 UTC</createdTime>
<ownerDesignName>ModeloConceitual</ownerDesignName>
<engineerTo>
<item key="784B2550-A4EE-D540-0102-320698221025" value="true"/>
</engineerTo>
<identifying>false</identifying>
<optionalSource>true</optionalSource>
<optionalTarget>false</optionalTarget>
<sourceCardinality>1</sourceCardinality>
<sourceEntity>4E204E96-A35A-97B2-CA6E-43D162FE7308</sourceEntity>
<targetCardinalityString>*</targetCardinalityString>
<targetEntity>644B2F1B-2418-460C-EA85-A23A2353751B</targetEntity>
<transferable>true</transferable>
<deleteRule>NO ACTION</deleteRule>
</Relation>