<?xml version = '1.0' encoding = 'UTF-8'?>
<Relation class="oracle.dbtools.crest.model.design.logical.Relation" name="Relation_8" directorySegmentName="seg_0" id="828AB212-5785-5E3B-CD06-D2F3447FFE78">
<createdBy>felip</createdBy>
<createdTime>2020-04-01 01:30:27 UTC</createdTime>
<ownerDesignName>ModeloConceitual</ownerDesignName>
<engineerTo>
<item key="784B2550-A4EE-D540-0102-320698221025" value="true"/>
</engineerTo>
<identifying>false</identifying>
<optionalSource>false</optionalSource>
<optionalTarget>false</optionalTarget>
<sourceCardinality>1</sourceCardinality>
<sourceEntity>372F6F55-8C37-3429-E82C-CAC6A79869FD</sourceEntity>
<targetCardinalityString>*</targetCardinalityString>
<targetEntity>245846F3-E498-2614-ECAE-07B023682573</targetEntity>
<transferable>true</transferable>
<deleteRule>NO ACTION</deleteRule>
</Relation>