<?xml version = '1.0' encoding = 'UTF-8'?>
<Relation class="oracle.dbtools.crest.model.design.logical.Relation" name="Relation_11" directorySegmentName="seg_0" id="A4DA8BDD-260C-46BF-8792-961DBA8DE651">
<createdBy>felip</createdBy>
<createdTime>2020-04-01 01:32:54 UTC</createdTime>
<ownerDesignName>ModeloConceitual</ownerDesignName>
<engineerTo>
<item key="784B2550-A4EE-D540-0102-320698221025" value="true"/>
</engineerTo>
<identifying>false</identifying>
<optionalSource>true</optionalSource>
<optionalTarget>false</optionalTarget>
<sourceCardinality>1</sourceCardinality>
<sourceEntity>C0BE5A42-BFCA-2DE3-49FE-139E7EA9D363</sourceEntity>
<targetCardinalityString>*</targetCardinalityString>
<targetEntity>644B2F1B-2418-460C-EA85-A23A2353751B</targetEntity>
<transferable>true</transferable>
<deleteRule>NO ACTION</deleteRule>
</Relation>