<?xml version = '1.0' encoding = 'UTF-8'?>
<FKIndexAssociation class="oracle.dbtools.crest.model.design.relational.FKIndexAssociation" directorySegmentName="seg_0" id="1B12E5BF-A491-8479-2089-980557FCA008" containerWithKeyObject="739BA626-FA9E-7DDF-28E9-844436D1C5A1" localFKIndex="5D8AE263-8B1A-07C1-39F6-74559AE291E1" name="Servico_Vistoria_FK">
<createdBy>leomg</createdBy>
<createdTime>2020-05-22 16:17:34 UTC</createdTime>
<ownerDesignName>modelo_logico_relacional</ownerDesignName>
<referredTableLongName>Vistoria</referredTableLongName>
<deleteRule>NO ACTION</deleteRule>
<referredTableID>6C82845A-BF2E-7CAD-89AB-7BBCB7BEBCA8</referredTableID>
<keyObject>50D95100-5F1D-0A1B-6EEA-EE59F3511845</keyObject>
<referredKeyID>50D95100-5F1D-0A1B-6EEA-EE59F3511845</referredKeyID>
<mandatory>true</mandatory>
<refColNames>ordem_servico</refColNames>
<transferable>true</transferable>
<rely>false</rely>
<columnDependencyConstraintGenerateInDDL>true</columnDependencyConstraintGenerateInDDL>
</FKIndexAssociation>