<?xml version = '1.0' encoding = 'UTF-8'?>
<FKIndexAssociation class="oracle.dbtools.crest.model.design.relational.FKIndexAssociation" directorySegmentName="seg_0" id="2CD93F35-4C48-0348-5626-907EBF8DF9A2" containerWithKeyObject="6C82845A-BF2E-7CAD-89AB-7BBCB7BEBCA8" localFKIndex="F17132C3-2AC6-7DEF-23DB-42E233020E79" name="Vistoria_Veiculo_FK">
<createdBy>leomg</createdBy>
<createdTime>2020-05-22 16:09:00 UTC</createdTime>
<ownerDesignName>modelo_logico_relacional</ownerDesignName>
<referredTableLongName>Veiculo</referredTableLongName>
<deleteRule>NO ACTION</deleteRule>
<referredTableID>12B7044D-FD31-5A63-E9BF-BF1ED8C3844D</referredTableID>
<keyObject>978C6C4A-7AB5-06BD-C195-DBD82AA8F399</keyObject>
<referredKeyID>978C6C4A-7AB5-06BD-C195-DBD82AA8F399</referredKeyID>
<mandatory>true</mandatory>
<refColNames>id</refColNames>
<transferable>true</transferable>
<rely>false</rely>
<columnDependencyConstraintGenerateInDDL>true</columnDependencyConstraintGenerateInDDL>
</FKIndexAssociation>