<?xml version = '1.0' encoding = 'UTF-8'?>
<FKIndexAssociation class="oracle.dbtools.crest.model.design.relational.FKIndexAssociation" directorySegmentName="seg_0" id="DC5A50EA-4B12-3402-7C60-CE6B3A87E1EE" containerWithKeyObject="12B7044D-FD31-5A63-E9BF-BF1ED8C3844D" localFKIndex="1D3B9DB9-14C0-4856-243F-534A7BA01D2D" name="Veiculo_Cliente_PJ_FK">
<createdBy>leomg</createdBy>
<createdTime>2020-05-22 16:08:49 UTC</createdTime>
<ownerDesignName>modelo_logico_relacional</ownerDesignName>
<referredTableLongName>Cliente_PJ</referredTableLongName>
<deleteRule>NO ACTION</deleteRule>
<referredTableID>63D93FCC-CA87-01A5-5EEC-B93E6FC26C3E</referredTableID>
<keyObject>4D4593CA-4E43-9C4E-D576-A34C2820AD27</keyObject>
<referredKeyID>4D4593CA-4E43-9C4E-D576-A34C2820AD27</referredKeyID>
<mandatory>true</mandatory>
<refColNames>id</refColNames>
<transferable>true</transferable>
<rely>false</rely>
<columnDependencyConstraintGenerateInDDL>true</columnDependencyConstraintGenerateInDDL>
</FKIndexAssociation>