<?xml version = '1.0' encoding = 'UTF-8'?>
<FKIndexAssociation class="oracle.dbtools.crest.model.design.relational.FKIndexAssociation" directorySegmentName="seg_0" id="EAA3872A-4B0D-FC86-4DA8-33025E63BE8D" containerWithKeyObject="12B7044D-FD31-5A63-E9BF-BF1ED8C3844D" localFKIndex="94F08FBF-364A-EDA8-8EDF-2F3CBCEFA30D" name="Veiculo_Cliente_PF_FK">
<createdBy>leomg</createdBy>
<createdTime>2020-05-22 16:08:38 UTC</createdTime>
<ownerDesignName>modelo_logico_relacional</ownerDesignName>
<referredTableLongName>Cliente_PF</referredTableLongName>
<deleteRule>NO ACTION</deleteRule>
<referredTableID>478F3E4D-1588-F96E-2CFE-19548FEFD5BE</referredTableID>
<keyObject>29087D4B-1C21-2894-7683-7018E04C2794</keyObject>
<referredKeyID>29087D4B-1C21-2894-7683-7018E04C2794</referredKeyID>
<mandatory>true</mandatory>
<refColNames>id</refColNames>
<transferable>true</transferable>
<rely>false</rely>
<columnDependencyConstraintGenerateInDDL>true</columnDependencyConstraintGenerateInDDL>
</FKIndexAssociation>