<?xml version = '1.0' encoding = 'UTF-8'?>
<Entity class="oracle.dbtools.crest.model.design.logical.Entity" directorySegmentName="seg_0" id="245846F3-E498-2614-ECAE-07B023682573" name="servico-mecanico">
<createdBy>felip</createdBy>
<createdTime>2020-04-01 01:16:38 UTC</createdTime>
<ownerDesignName>ModeloConceitual</ownerDesignName>
<engineerTo>
<item key="784B2550-A4EE-D540-0102-320698221025" value="true"/>
</engineerTo>
<adequatelyNormalized>NO</adequatelyNormalized>
<expectedVolumes>0</expectedVolumes>
<fwdEngineeringStrategyName>Single Table</fwdEngineeringStrategyName>
<growthPercent>0</growthPercent>
<growthType>Year</growthType>
<maxVolumes>9999999</maxVolumes>
<minVolumes>0</minVolumes>
<normalForm>Third</normalForm>
</Entity>