<?xml version = '1.0' encoding = 'UTF-8'?>
<Diagram class="oracle.dbtools.crest.swingui.relational.DPVRelational" name="Relacional" id="67844AE5-9E9A-CF36-2748-6A6C5EF5F1E4">
<createdBy>felip</createdBy>
<modifiedBy>felip</modifiedBy>
<createdTime>2020-04-01 00:14:04 UTC</createdTime>
<autoRoute>false</autoRoute>
<boxInbox>true</boxInbox>
<showLegend>false</showLegend>
<showLabels>false</showLabels>
<showRelAttributes>false</showRelAttributes>
<gridEnabled>false</gridEnabled>
<showGrid>false</showGrid>
<diagramColor>-1</diagramColor>
<display>false</display>
<notation>1</notation>
<objectViews>
<OView class="oracle.dbtools.crest.swingui.relational.TVTable" oid="0161169A-EA2B-11C7-07F4-19E357CE8231" otype="Table" vid="1FD28C62-123A-6353-1041-099B11434B4E">
<hideElementsInCurrentOnly>false</hideElementsInCurrentOnly>
<bounds x="1299" y="276" width="181" height="120"/>
</OView>
<OView class="oracle.dbtools.crest.swingui.relational.TVTable" oid="12B7044D-FD31-5A63-E9BF-BF1ED8C3844D" otype="Table" vid="D1EF93F1-8534-BBD4-9DFB-E0EFFE534AB9">
<hideElementsInCurrentOnly>false</hideElementsInCurrentOnly>
<bounds x="489" y="17" width="215" height="206"/>
</OView>
<OView class="oracle.dbtools.crest.swingui.relational.TVTable" oid="478F3E4D-1588-F96E-2CFE-19548FEFD5BE" otype="Table" vid="6F15A772-E830-3274-A1E0-679BEC3383D0">
<hideElementsInCurrentOnly>false</hideElementsInCurrentOnly>
<bounds x="187" y="0" width="170" height="144"/>
</OView>
<OView class="oracle.dbtools.crest.swingui.relational.TVTable" oid="63D93FCC-CA87-01A5-5EEC-B93E6FC26C3E" otype="Table" vid="556F28D8-CC0D-F9B8-B43B-0C86599E0D48">
<hideElementsInCurrentOnly>false</hideElementsInCurrentOnly>
<bounds x="185" y="160" width="170" height="119"/>
</OView>
<OView class="oracle.dbtools.crest.swingui.relational.TVTable" oid="6C82845A-BF2E-7CAD-89AB-7BBCB7BEBCA8" otype="Table" vid="C137C11F-C9B6-4615-E7DE-F9FA6D5CEF79">
<hideElementsInCurrentOnly>false</hideElementsInCurrentOnly>
<bounds x="882" y="2" width="260" height="153"/>
</OView>
<OView class="oracle.dbtools.crest.swingui.relational.TVTable" oid="739BA626-FA9E-7DDF-28E9-844436D1C5A1" otype="Table" vid="F06FA561-82F6-3FF2-0503-005F1B429819">
<hideElementsInCurrentOnly>false</hideElementsInCurrentOnly>
<bounds x="891" y="239" width="251" height="199"/>
</OView>
<OView class="oracle.dbtools.crest.swingui.relational.TVTable" oid="756A7F35-20C8-3EF4-F0C4-A7ABF208E7DB" otype="Table" vid="50A19C1D-F202-029C-0196-DDE21D6FA208">
<hideElementsInCurrentOnly>false</hideElementsInCurrentOnly>
<bounds x="892" y="509" width="256" height="91"/>
</OView>
<OView class="oracle.dbtools.crest.swingui.relational.TVTable" oid="8B27EC4D-33EC-9A4D-4079-17BBA9CF7EB9" otype="Table" vid="C0B84EF5-A816-4991-B51F-563AE8911964">
<hideElementsInCurrentOnly>false</hideElementsInCurrentOnly>
<bounds x="147" y="556" width="179" height="102"/>
</OView>
<OView class="oracle.dbtools.crest.swingui.relational.TVTable" oid="9AFD6B65-D1A1-F031-8118-8B328A462CE9" otype="Table" vid="92CE2A1A-2883-CC6A-F81B-1D3095D2435B">
<hideElementsInCurrentOnly>false</hideElementsInCurrentOnly>
<bounds x="478" y="470" width="264" height="205"/>
</OView>
<OView class="oracle.dbtools.crest.swingui.relational.TVTable" oid="B7B399CC-00D2-EA2C-5B7B-4E6ABB0E6D90" otype="Table" vid="C4E09177-AC69-FC93-ED88-3576F2C72BCB">
<hideElementsInCurrentOnly>false</hideElementsInCurrentOnly>
<bounds x="517" y="260" width="181" height="143"/>
</OView>
</objectViews>
<connectors>
<Connector class="oracle.dbtools.crest.swingui.relational.TVFKRelation" oid="17F49917-E90A-42CB-1FEA-B9F07AC02696" otype="FKIndexAssociation" vid_source="1FD28C62-123A-6353-1041-099B11434B4E" vid_target="C137C11F-C9B6-4615-E7DE-F9FA6D5CEF79">
<hideElementsInCurrentOnly>false</hideElementsInCurrentOnly>
<backgroundColor>-16777216</backgroundColor>
<lineWidth>1</lineWidth>
<points>
<point x="1388" y="276"/>
<point x="1388" y="88"/>
<point x="1142" y="88"/>
</points>
</Connector>
<Connector class="oracle.dbtools.crest.swingui.relational.TVFKRelation" oid="1B12E5BF-A491-8479-2089-980557FCA008" otype="FKIndexAssociation" vid_source="C137C11F-C9B6-4615-E7DE-F9FA6D5CEF79" vid_target="F06FA561-82F6-3FF2-0503-005F1B429819">
<hideElementsInCurrentOnly>false</hideElementsInCurrentOnly>
<backgroundColor>-16777216</backgroundColor>
<lineWidth>1</lineWidth>
<points>
<point x="1016" y="155"/>
<point x="1016" y="239"/>
</points>
</Connector>
<Connector class="oracle.dbtools.crest.swingui.relational.TVFKRelation" oid="22A3606A-22F6-C6DD-F10E-DA85F7E0DCE6" otype="FKIndexAssociation" vid_source="F06FA561-82F6-3FF2-0503-005F1B429819" vid_target="C4E09177-AC69-FC93-ED88-3576F2C72BCB">
<hideElementsInCurrentOnly>false</hideElementsInCurrentOnly>
<backgroundColor>-16777216</backgroundColor>
<lineWidth>1</lineWidth>
<points>
<point x="891" y="331"/>
<point x="698" y="331"/>
</points>
</Connector>
<Connector class="oracle.dbtools.crest.swingui.relational.TVFKRelation" oid="2CD93F35-4C48-0348-5626-907EBF8DF9A2" otype="FKIndexAssociation" vid_source="D1EF93F1-8534-BBD4-9DFB-E0EFFE534AB9" vid_target="C137C11F-C9B6-4615-E7DE-F9FA6D5CEF79">
<hideElementsInCurrentOnly>false</hideElementsInCurrentOnly>
<backgroundColor>-16777216</backgroundColor>
<lineWidth>1</lineWidth>
<points>
<point x="704" y="86"/>
<point x="882" y="86"/>
</points>
</Connector>
<Connector class="oracle.dbtools.crest.swingui.relational.TVFKRelation" oid="2E24D666-9025-632A-FF67-96287C5B725D" otype="FKIndexAssociation" vid_source="92CE2A1A-2883-CC6A-F81B-1D3095D2435B" vid_target="C4E09177-AC69-FC93-ED88-3576F2C72BCB">
<hideElementsInCurrentOnly>false</hideElementsInCurrentOnly>
<backgroundColor>-16777216</backgroundColor>
<lineWidth>1</lineWidth>
<points>
<point x="607" y="470"/>
<point x="607" y="403"/>
</points>
</Connector>
<Connector class="oracle.dbtools.crest.swingui.relational.TVFKRelation" oid="9216D67D-7028-780A-4BE8-F72F9EB9CC3C" otype="FKIndexAssociation" vid_source="1FD28C62-123A-6353-1041-099B11434B4E" vid_target="92CE2A1A-2883-CC6A-F81B-1D3095D2435B">
<hideElementsInCurrentOnly>false</hideElementsInCurrentOnly>
<backgroundColor>-16777216</backgroundColor>
<lineWidth>1</lineWidth>
<points>
<point x="1440" y="396"/>
<point x="1440" y="630"/>
<point x="742" y="630"/>
</points>
</Connector>
<Connector class="oracle.dbtools.crest.swingui.relational.TVFKRelation" oid="942ECA99-BF2A-18FD-3220-3BA70FDC94BF" otype="FKIndexAssociation" vid_source="1FD28C62-123A-6353-1041-099B11434B4E" vid_target="50A19C1D-F202-029C-0196-DDE21D6FA208">
<hideElementsInCurrentOnly>false</hideElementsInCurrentOnly>
<backgroundColor>-16777216</backgroundColor>
<lineWidth>1</lineWidth>
<points>
<point x="1337" y="396"/>
<point x="1337" y="562"/>
<point x="1148" y="562"/>
</points>
</Connector>
<Connector class="oracle.dbtools.crest.swingui.relational.TVFKRelation" oid="AC462134-9811-F6AF-730C-3B1EB26A85EF" otype="FKIndexAssociation" vid_source="F06FA561-82F6-3FF2-0503-005F1B429819" vid_target="50A19C1D-F202-029C-0196-DDE21D6FA208">
<hideElementsInCurrentOnly>false</hideElementsInCurrentOnly>
<backgroundColor>-16777216</backgroundColor>
<lineWidth>1</lineWidth>
<points>
<point x="1017" y="438"/>
<point x="1017" y="509"/>
</points>
</Connector>
<Connector class="oracle.dbtools.crest.swingui.relational.TVFKRelation" oid="B6E7713D-4EFA-049F-37CE-63FDB0F0A243" otype="FKIndexAssociation" vid_source="C0B84EF5-A816-4991-B51F-563AE8911964" vid_target="92CE2A1A-2883-CC6A-F81B-1D3095D2435B">
<hideElementsInCurrentOnly>false</hideElementsInCurrentOnly>
<backgroundColor>-16777216</backgroundColor>
<lineWidth>1</lineWidth>
<points>
<point x="326" y="607"/>
<point x="478" y="607"/>
</points>
</Connector>
<Connector class="oracle.dbtools.crest.swingui.relational.TVFKRelation" oid="DC5A50EA-4B12-3402-7C60-CE6B3A87E1EE" otype="FKIndexAssociation" vid_source="556F28D8-CC0D-F9B8-B43B-0C86599E0D48" vid_target="D1EF93F1-8534-BBD4-9DFB-E0EFFE534AB9">
<hideElementsInCurrentOnly>false</hideElementsInCurrentOnly>
<backgroundColor>-16777216</backgroundColor>
<lineWidth>1</lineWidth>
<points>
<point x="355" y="191"/>
<point x="489" y="191"/>
</points>
</Connector>
<Connector class="oracle.dbtools.crest.swingui.relational.TVFKRelation" oid="EAA3872A-4B0D-FC86-4DA8-33025E63BE8D" otype="FKIndexAssociation" vid_source="6F15A772-E830-3274-A1E0-679BEC3383D0" vid_target="D1EF93F1-8534-BBD4-9DFB-E0EFFE534AB9">
<hideElementsInCurrentOnly>false</hideElementsInCurrentOnly>
<backgroundColor>-16777216</backgroundColor>
<lineWidth>1</lineWidth>
<points>
<point x="357" y="80"/>
<point x="489" y="80"/>
</points>
</Connector>
</connectors>
</Diagram>