<?xml version = '1.0' encoding = 'UTF-8'?>
<Entity class="oracle.dbtools.crest.model.design.logical.Entity" directorySegmentName="seg_0" id="7A8A9E3C-8E8F-E1A9-DF6F-53F63278F275" name="Veiculo">
<createdBy>felip</createdBy>
<createdTime>2020-04-01 01:14:12 UTC</createdTime>
<ownerDesignName>modelo_logico_relacional</ownerDesignName>
<engineerTo>
<item key="784B2550-A4EE-D540-0102-320698221025" value="true"/>
</engineerTo>
<adequatelyNormalized>NO</adequatelyNormalized>
<expectedVolumes>0</expectedVolumes>
<fwdEngineeringStrategyName>Single Table</fwdEngineeringStrategyName>
<growthPercent>0</growthPercent>
<growthType>Year</growthType>
<maxVolumes>9999999</maxVolumes>
<minVolumes>0</minVolumes>
<normalForm>Third</normalForm>
<attributes itemClass="oracle.dbtools.crest.model.design.logical.Attribute">
<Attribute name="placa" id="15BC485D-C548-6F09-E8F0-BE8087ED2F0E">
<createdBy>felip</createdBy>
<createdTime>2020-04-09 00:38:38 UTC</createdTime>
<ownerDesignName>modelo_logico_relacional</ownerDesignName>
<engineerTo>
<item key="784B2550-A4EE-D540-0102-320698221025" value="true"/>
</engineerTo>
<use>0</use>
<ownDataTypeParameters>,,</ownDataTypeParameters>
</Attribute>
<Attribute name="marca" id="FFB413E5-20EE-D55A-EA75-6F88B26D26BF">
<createdBy>felip</createdBy>
<createdTime>2020-04-09 00:40:57 UTC</createdTime>
<ownerDesignName>modelo_logico_relacional</ownerDesignName>
<engineerTo>
<item key="784B2550-A4EE-D540-0102-320698221025" value="true"/>
</engineerTo>
<use>0</use>
<ownDataTypeParameters>,,</ownDataTypeParameters>
</Attribute>
<Attribute name="modelo" id="16282FE1-68AE-C3C1-D802-1B3305792829">
<createdBy>felip</createdBy>
<createdTime>2020-04-09 00:38:22 UTC</createdTime>
<ownerDesignName>modelo_logico_relacional</ownerDesignName>
<engineerTo>
<item key="784B2550-A4EE-D540-0102-320698221025" value="true"/>
</engineerTo>
<use>0</use>
<ownDataTypeParameters>,,</ownDataTypeParameters>
</Attribute>
<Attribute name="km" id="2B3583B3-06B3-BB17-29FC-B56EEA4D987F">
<createdBy>felip</createdBy>
<createdTime>2020-04-09 00:39:41 UTC</createdTime>
<ownerDesignName>modelo_logico_relacional</ownerDesignName>
<engineerTo>
<item key="784B2550-A4EE-D540-0102-320698221025" value="true"/>
</engineerTo>
<use>0</use>
<ownDataTypeParameters>,,</ownDataTypeParameters>
</Attribute>
<Attribute name="versao" id="358193E6-FA0D-AD0E-B22B-8D37AAA84355">
<createdBy>arthu</createdBy>
<createdTime>2020-04-23 12:19:02 UTC</createdTime>
<ownerDesignName>modelo_logico_relacional</ownerDesignName>
<engineerTo>
<item key="784B2550-A4EE-D540-0102-320698221025" value="true"/>
</engineerTo>
<use>0</use>
<ownDataTypeParameters>,,</ownDataTypeParameters>
</Attribute>
<Attribute name="id" id="5FCB6F30-C8B7-4655-77D3-4C350703D007">
<createdBy>arthu</createdBy>
<createdTime>2020-06-04 01:13:54 UTC</createdTime>
<generatorID>06DCD46F-91FB-E776-ECEC-17BEFC96DD36</generatorID>
<ownerDesignName>modelo_logico_relacional</ownerDesignName>
<engineerTo>
<item key="784B2550-A4EE-D540-0102-320698221025" value="true"/>
</engineerTo>
<referedAttribute>45AEE5D4-D8C7-7EA5-FE9F-FA1826AC681F</referedAttribute>
<use>0</use>
<ownDataTypeParameters>,,</ownDataTypeParameters>
</Attribute>
</attributes>
<identifiers itemClass="oracle.dbtools.crest.model.design.logical.CandidateKey">
<identifier id="555BBA33-D6F2-B1CC-3649-0F2281420125" name="Veiculo PK">
<createdBy>arthu</createdBy>
<createdTime>2020-04-23 12:09:36 UTC</createdTime>
<ownerDesignName>modelo_logico_relacional</ownerDesignName>
<engineerTo>
<item key="784B2550-A4EE-D540-0102-320698221025" value="true"/>
</engineerTo>
<pk>true</pk>
<usedAttributes>
<attributeRef>15BC485D-C548-6F09-E8F0-BE8087ED2F0E</attributeRef>
</usedAttributes>
</identifier>
</identifiers>
</Entity>