<?xml version = '1.0' encoding = 'UTF-8'?>
<Entity class="oracle.dbtools.crest.model.design.logical.Entity" directorySegmentName="seg_0" id="C4CD246D-DAC5-315C-608B-670EBEEECC5D" name="Cliente">
<createdBy>arthu</createdBy>
<createdTime>2020-06-04 01:08:28 UTC</createdTime>
<ownerDesignName>modelo_logico_relacional</ownerDesignName>
<engineerTo>
<item key="784B2550-A4EE-D540-0102-320698221025" value="true"/>
</engineerTo>
<adequatelyNormalized>NO</adequatelyNormalized>
<expectedVolumes>0</expectedVolumes>
<fwdEngineeringStrategyName>Single Table</fwdEngineeringStrategyName>
<growthPercent>0</growthPercent>
<growthType>Year</growthType>
<maxVolumes>9999999</maxVolumes>
<minVolumes>0</minVolumes>
<normalForm>Third</normalForm>
<attributes itemClass="oracle.dbtools.crest.model.design.logical.Attribute">
<Attribute name="id" id="45AEE5D4-D8C7-7EA5-FE9F-FA1826AC681F">
<createdBy>arthu</createdBy>
<createdTime>2020-06-04 01:10:52 UTC</createdTime>
<ownerDesignName>modelo_logico_relacional</ownerDesignName>
<engineerTo>
<item key="784B2550-A4EE-D540-0102-320698221025" value="true"/>
</engineerTo>
<use>0</use>
<ownDataTypeParameters>,,</ownDataTypeParameters>
</Attribute>
<Attribute name="email" id="3920E0EF-1822-F3BD-0DDA-0582642071E2">
<createdBy>arthu</createdBy>
<createdTime>2020-06-04 01:11:00 UTC</createdTime>
<ownerDesignName>modelo_logico_relacional</ownerDesignName>
<engineerTo>
<item key="784B2550-A4EE-D540-0102-320698221025" value="true"/>
</engineerTo>
<use>0</use>
<ownDataTypeParameters>,,</ownDataTypeParameters>
</Attribute>
<Attribute name="telefone" id="285DE34B-0AD7-8D1F-B8BC-A6A9177DDC0B">
<createdBy>arthu</createdBy>
<createdTime>2020-06-04 01:11:09 UTC</createdTime>
<ownerDesignName>modelo_logico_relacional</ownerDesignName>
<engineerTo>
<item key="784B2550-A4EE-D540-0102-320698221025" value="true"/>
</engineerTo>
<use>0</use>
<ownDataTypeParameters>,,</ownDataTypeParameters>
</Attribute>
</attributes>
<identifiers itemClass="oracle.dbtools.crest.model.design.logical.CandidateKey">
<identifier id="0C71A0C3-DDA2-E397-63D4-767547BA7298" name="Cliente PK">
<createdBy>arthu</createdBy>
<createdTime>2020-06-04 01:10:58 UTC</createdTime>
<ownerDesignName>modelo_logico_relacional</ownerDesignName>
<engineerTo>
<item key="784B2550-A4EE-D540-0102-320698221025" value="true"/>
</engineerTo>
<pk>true</pk>
<newElementsIDs>45AEE5D4-D8C7-7EA5-FE9F-FA1826AC681F</newElementsIDs>
<usedAttributes>
<attributeRef>45AEE5D4-D8C7-7EA5-FE9F-FA1826AC681F</attributeRef>
</usedAttributes>
</identifier>
<identifier id="7F02E09C-DCB1-CD6C-8141-1A6AF7DC323A" name="Key_2">
<createdBy>arthu</createdBy>
<createdTime>2020-06-04 01:14:26 UTC</createdTime>
<ownerDesignName>modelo_logico_relacional</ownerDesignName>
<engineerTo>
<item key="784B2550-A4EE-D540-0102-320698221025" value="true"/>
</engineerTo>
<newElementsIDs>3920E0EF-1822-F3BD-0DDA-0582642071E2</newElementsIDs>
<usedAttributes>
<attributeRef>3920E0EF-1822-F3BD-0DDA-0582642071E2</attributeRef>
</usedAttributes>
</identifier>
<identifier id="DCED6C33-B83D-8AD4-21B3-5B352397A8F5" name="Key_3">
<createdBy>arthu</createdBy>
<createdTime>2020-06-04 01:15:00 UTC</createdTime>
<ownerDesignName>modelo_logico_relacional</ownerDesignName>
<engineerTo>
<item key="784B2550-A4EE-D540-0102-320698221025" value="true"/>
</engineerTo>
<newElementsIDs>285DE34B-0AD7-8D1F-B8BC-A6A9177DDC0B</newElementsIDs>
<usedAttributes>
<attributeRef>285DE34B-0AD7-8D1F-B8BC-A6A9177DDC0B</attributeRef>
</usedAttributes>
</identifier>
</identifiers>
</Entity>