<?xml version = '1.0' encoding = 'UTF-8'?>
<Relation class="oracle.dbtools.crest.model.design.logical.Relation" name="Relation_21" directorySegmentName="seg_0" id="3B4CECE6-9DC0-88C5-B60F-91A37482A3DD">
<createdBy>felip</createdBy>
<createdTime>2020-04-09 00:51:11 UTC</createdTime>
<ownerDesignName>modelologico</ownerDesignName>
<engineerTo>
<item key="784B2550-A4EE-D540-0102-320698221025" value="true"/>
</engineerTo>
<identifying>false</identifying>
<optionalSource>true</optionalSource>
<optionalTarget>false</optionalTarget>
<sourceCardinality>1</sourceCardinality>
<sourceEntity>7F18F46A-23B8-EA25-8F4C-7AD5C56976DB</sourceEntity>
<targetCardinalityString>*</targetCardinalityString>
<targetEntity>644B2F1B-2418-460C-EA85-A23A2353751B</targetEntity>
<transferable>true</transferable>
<deleteRule>NO ACTION</deleteRule>
</Relation>