<?xml version = '1.0' encoding = 'UTF-8'?>
<Relation class="oracle.dbtools.crest.model.design.logical.Relation" name="Relation_9" directorySegmentName="seg_0" id="E7D57174-5FD4-0A13-B521-9AE31AFDF577">
<createdBy>felip</createdBy>
<createdTime>2020-04-01 01:31:03 UTC</createdTime>
<ownerDesignName>modelologico</ownerDesignName>
<engineerTo>
<item key="784B2550-A4EE-D540-0102-320698221025" value="true"/>
</engineerTo>
<identifying>false</identifying>
<optionalSource>true</optionalSource>
<optionalTarget>false</optionalTarget>
<sourceCardinality>1</sourceCardinality>
<sourceEntity>7A8A9E3C-8E8F-E1A9-DF6F-53F63278F275</sourceEntity>
<targetCardinalityString>*</targetCardinalityString>
<targetEntity>372F6F55-8C37-3429-E82C-CAC6A79869FD</targetEntity>
<transferable>true</transferable>
<deleteRule>NO ACTION</deleteRule>
</Relation>