<?xml version = '1.0' encoding = 'UTF-8'?>
<Entity class="oracle.dbtools.crest.model.design.logical.Entity" directorySegmentName="seg_0" id="245846F3-E498-2614-ECAE-07B023682573" name="Tarefa">
<createdBy>felip</createdBy>
<createdTime>2020-04-01 01:16:38 UTC</createdTime>
<ownerDesignName>modelo_logico_relacional</ownerDesignName>
<engineerTo>
<item key="784B2550-A4EE-D540-0102-320698221025" value="true"/>
</engineerTo>
<adequatelyNormalized>NO</adequatelyNormalized>
<expectedVolumes>0</expectedVolumes>
<fwdEngineeringStrategyName>Single Table</fwdEngineeringStrategyName>
<growthPercent>0</growthPercent>
<growthType>Year</growthType>
<maxVolumes>9999999</maxVolumes>
<minVolumes>0</minVolumes>
<normalForm>Third</normalForm>
<attributes itemClass="oracle.dbtools.crest.model.design.logical.Attribute">
<Attribute name="id" id="964033DE-156D-D420-7F87-6E52906A2343">
<createdBy>leomg</createdBy>
<createdTime>2020-05-01 19:33:41 UTC</createdTime>
<generatorID>828AB212-5785-5E3B-CD06-D2F3447FFE78</generatorID>
<ownerDesignName>modelo_logico_relacional</ownerDesignName>
<engineerTo>
<item key="784B2550-A4EE-D540-0102-320698221025" value="true"/>
</engineerTo>
<referedAttribute>06792D38-2FB1-24FC-3207-B260ABC763F3</referedAttribute>
<use>0</use>
<ownDataTypeParameters>,,</ownDataTypeParameters>
</Attribute>
<Attribute name="id1" id="840A0915-7020-2177-A8D3-DBDB2E822D67">
<createdBy>arthu</createdBy>
<createdTime>2020-06-04 01:20:27 UTC</createdTime>
<generatorID>3C96714B-A3CC-9356-05EA-EDAACE0A0B2C</generatorID>
<ownerDesignName>modelo_logico_relacional</ownerDesignName>
<engineerTo>
<item key="784B2550-A4EE-D540-0102-320698221025" value="true"/>
</engineerTo>
<referedAttribute>7DA01A8D-1610-3433-FA87-05B1A3D6DCA1</referedAttribute>
<use>0</use>
<ownDataTypeParameters>,,</ownDataTypeParameters>
</Attribute>
</attributes>
</Entity>