<?xml version = '1.0' encoding = 'UTF-8'?>
<Entity class="oracle.dbtools.crest.model.design.logical.Entity" directorySegmentName="seg_0" id="372F6F55-8C37-3429-E82C-CAC6A79869FD" name="Servico">
<createdBy>felip</createdBy>
<createdTime>2020-04-01 01:14:27 UTC</createdTime>
<ownerDesignName>modelo_logico_relacional</ownerDesignName>
<engineerTo>
<item key="784B2550-A4EE-D540-0102-320698221025" value="true"/>
</engineerTo>
<adequatelyNormalized>NO</adequatelyNormalized>
<expectedVolumes>0</expectedVolumes>
<fwdEngineeringStrategyName>Single Table</fwdEngineeringStrategyName>
<growthPercent>0</growthPercent>
<growthType>Year</growthType>
<maxVolumes>9999999</maxVolumes>
<minVolumes>0</minVolumes>
<normalForm>Third</normalForm>
<attributes itemClass="oracle.dbtools.crest.model.design.logical.Attribute">
<Attribute name="id" id="06792D38-2FB1-24FC-3207-B260ABC763F3">
<createdBy>leomg</createdBy>
<createdTime>2020-05-01 19:33:33 UTC</createdTime>
<ownerDesignName>modelo_logico_relacional</ownerDesignName>
<engineerTo>
<item key="784B2550-A4EE-D540-0102-320698221025" value="true"/>
</engineerTo>
<use>0</use>
<ownDataTypeParameters>,,</ownDataTypeParameters>
</Attribute>
<Attribute name="data" id="2B085C18-6CEC-B83E-CA61-76DD60894CC3">
<createdBy>felip</createdBy>
<createdTime>2020-04-09 01:02:55 UTC</createdTime>
<ownerDesignName>modelo_logico_relacional</ownerDesignName>
<engineerTo>
<item key="784B2550-A4EE-D540-0102-320698221025" value="true"/>
</engineerTo>
<use>0</use>
<ownDataTypeParameters>,,</ownDataTypeParameters>
</Attribute>
<Attribute name="status" id="3A1F031E-CA8C-CED0-36F8-C6C8A1A4AE15">
<createdBy>felip</createdBy>
<createdTime>2020-04-09 01:03:01 UTC</createdTime>
<ownerDesignName>modelo_logico_relacional</ownerDesignName>
<engineerTo>
<item key="784B2550-A4EE-D540-0102-320698221025" value="true"/>
</engineerTo>
<use>0</use>
<ownDataTypeParameters>,,</ownDataTypeParameters>
</Attribute>
<Attribute name="tipo" id="01F45249-FC3F-EFE2-6334-27B34C5FD7C0">
<createdBy>felip</createdBy>
<createdTime>2020-04-09 01:03:12 UTC</createdTime>
<ownerDesignName>modelo_logico_relacional</ownerDesignName>
<engineerTo>
<item key="784B2550-A4EE-D540-0102-320698221025" value="true"/>
</engineerTo>
<use>0</use>
<ownDataTypeParameters>,,</ownDataTypeParameters>
</Attribute>
<Attribute name="duracao" id="489E10F9-CBC2-1CA7-9E82-FC26020A4503">
<createdBy>felip</createdBy>
<createdTime>2020-04-09 01:03:59 UTC</createdTime>
<ownerDesignName>modelo_logico_relacional</ownerDesignName>
<engineerTo>
<item key="784B2550-A4EE-D540-0102-320698221025" value="true"/>
</engineerTo>
<nullsAllowed>true</nullsAllowed>
<use>0</use>
<ownDataTypeParameters>,,</ownDataTypeParameters>
</Attribute>
<Attribute name="valor" id="9D4FB9A6-5CE4-972B-1436-39C193EBB2BC">
<createdBy>felip</createdBy>
<createdTime>2020-04-09 01:22:31 UTC</createdTime>
<ownerDesignName>modelo_logico_relacional</ownerDesignName>
<engineerTo>
<item key="784B2550-A4EE-D540-0102-320698221025" value="true"/>
</engineerTo>
<use>0</use>
<ownDataTypeParameters>,,</ownDataTypeParameters>
</Attribute>
<Attribute name="desconto" id="41B4F69A-8A83-D0D2-5632-ADEE497BEDE2">
<createdBy>felip</createdBy>
<createdTime>2020-04-09 01:22:37 UTC</createdTime>
<ownerDesignName>modelo_logico_relacional</ownerDesignName>
<engineerTo>
<item key="784B2550-A4EE-D540-0102-320698221025" value="true"/>
</engineerTo>
<nullsAllowed>true</nullsAllowed>
<use>0</use>
<ownDataTypeParameters>,,</ownDataTypeParameters>
</Attribute>
<Attribute name="ordem servico" id="364665C1-DC63-1DEB-EDD9-D522DF129CE6">
<createdBy>arthu</createdBy>
<createdTime>2020-04-23 12:10:00 UTC</createdTime>
<generatorID>03A9B034-A541-F310-C8AD-67121721D790</generatorID>
<ownerDesignName>modelo_logico_relacional</ownerDesignName>
<engineerTo>
<item key="784B2550-A4EE-D540-0102-320698221025" value="true"/>
</engineerTo>
<referedAttribute>AB9B2F29-2F81-B5DB-8023-C0E17ACB29EF</referedAttribute>
<use>0</use>
<ownDataTypeParameters>,,</ownDataTypeParameters>
</Attribute>
<Attribute name="avaliacao" id="C6508455-C042-42E0-50A1-98927D11A935">
<createdBy>arthu</createdBy>
<createdTime>2020-04-23 22:53:47 UTC</createdTime>
<ownerDesignName>modelo_logico_relacional</ownerDesignName>
<engineerTo>
<item key="784B2550-A4EE-D540-0102-320698221025" value="true"/>
</engineerTo>
<nullsAllowed>true</nullsAllowed>
<use>0</use>
<ownDataTypeParameters>,,</ownDataTypeParameters>
</Attribute>
</attributes>
<identifiers itemClass="oracle.dbtools.crest.model.design.logical.CandidateKey">
<identifier id="7AF4AF49-DAB5-E4AD-A9C4-AA905A32D612" name="Servico PK">
<createdBy>leomg</createdBy>
<createdTime>2020-05-01 19:33:36 UTC</createdTime>
<ownerDesignName>modelo_logico_relacional</ownerDesignName>
<engineerTo>
<item key="784B2550-A4EE-D540-0102-320698221025" value="true"/>
</engineerTo>
<pk>true</pk>
<usedAttributes>
<attributeRef>06792D38-2FB1-24FC-3207-B260ABC763F3</attributeRef>
</usedAttributes>
</identifier>
</identifiers>
</Entity>