<?xml version = '1.0' encoding = 'UTF-8'?>
<Entity class="oracle.dbtools.crest.model.design.logical.Entity" directorySegmentName="seg_0" id="4B5466F3-09FD-537F-3C71-FBF968882ED8" name="Item">
<createdBy>felip</createdBy>
<createdTime>2020-04-01 01:39:38 UTC</createdTime>
<ownerDesignName>modelo_logico_relacional</ownerDesignName>
<engineerTo>
<item key="784B2550-A4EE-D540-0102-320698221025" value="true"/>
</engineerTo>
<adequatelyNormalized>NO</adequatelyNormalized>
<expectedVolumes>0</expectedVolumes>
<fwdEngineeringStrategyName>Single Table</fwdEngineeringStrategyName>
<growthPercent>0</growthPercent>
<growthType>Year</growthType>
<maxVolumes>9999999</maxVolumes>
<minVolumes>0</minVolumes>
<normalForm>Third</normalForm>
<attributes itemClass="oracle.dbtools.crest.model.design.logical.Attribute">
<Attribute name="id" id="F43158B7-E3AE-0F26-2B9C-37864403E5E4">
<createdBy>leomg</createdBy>
<createdTime>2020-05-01 19:33:41 UTC</createdTime>
<generatorID>1F81F50F-92C5-D3CA-DC13-EFAC96263C86</generatorID>
<ownerDesignName>modelo_logico_relacional</ownerDesignName>
<engineerTo>
<item key="784B2550-A4EE-D540-0102-320698221025" value="true"/>
</engineerTo>
<referedAttribute>06792D38-2FB1-24FC-3207-B260ABC763F3</referedAttribute>
<use>0</use>
<ownDataTypeParameters>,,</ownDataTypeParameters>
</Attribute>
<Attribute name="quantidade" id="8ADFED7F-5A6A-96A5-4063-A39FD6BBCC27">
<createdBy>leomg</createdBy>
<createdTime>2020-05-05 23:19:54 UTC</createdTime>
<ownerDesignName>modelo_logico_relacional</ownerDesignName>
<engineerTo>
<item key="784B2550-A4EE-D540-0102-320698221025" value="true"/>
</engineerTo>
<use>0</use>
<ownDataTypeParameters>,,</ownDataTypeParameters>
</Attribute>
<Attribute name="item" id="3D718564-DA37-B454-9A55-0CFA4F619C72">
<createdBy>leomg</createdBy>
<createdTime>2020-06-17 19:22:43 UTC</createdTime>
<generatorID>72F8370D-0D6B-8444-2996-16F7A5424C14</generatorID>
<ownerDesignName>modelo_logico_relacional</ownerDesignName>
<engineerTo>
<item key="784B2550-A4EE-D540-0102-320698221025" value="true"/>
</engineerTo>
<referedAttribute>E2C392A2-8D29-3AAC-F31D-AC536698F36C</referedAttribute>
<use>0</use>
<ownDataTypeParameters>,,</ownDataTypeParameters>
</Attribute>
<Attribute name="marca" id="432693D7-3C95-9C42-B6E4-EA929CA9E473">
<createdBy>leomg</createdBy>
<createdTime>2020-06-17 19:22:43 UTC</createdTime>
<generatorID>72F8370D-0D6B-8444-2996-16F7A5424C14</generatorID>
<ownerDesignName>modelo_logico_relacional</ownerDesignName>
<engineerTo>
<item key="784B2550-A4EE-D540-0102-320698221025" value="true"/>
</engineerTo>
<referedAttribute>050A8C73-47A0-E9EC-1201-C0A33B6DEDAC</referedAttribute>
<use>0</use>
<ownDataTypeParameters>,,</ownDataTypeParameters>
</Attribute>
</attributes>
</Entity>