<?xml version = '1.0' encoding = 'UTF-8'?>
<Entity class="oracle.dbtools.crest.model.design.logical.Entity" directorySegmentName="seg_0" id="A07B6411-6985-43C2-9ACB-4210D6A17FA6" name="Cliente_pj">
<createdBy>felip</createdBy>
<createdTime>2020-04-03 23:43:12 UTC</createdTime>
<ownerDesignName>modelo_logico_relacional</ownerDesignName>
<engineerTo>
<item key="784B2550-A4EE-D540-0102-320698221025" value="true"/>
</engineerTo>
<adequatelyNormalized>NO</adequatelyNormalized>
<expectedVolumes>0</expectedVolumes>
<fwdEngineeringStrategyName>Single Table</fwdEngineeringStrategyName>
<growthPercent>0</growthPercent>
<growthType>Year</growthType>
<hierarchicalParent>C4CD246D-DAC5-315C-608B-670EBEEECC5D</hierarchicalParent>
<maxVolumes>9999999</maxVolumes>
<minVolumes>0</minVolumes>
<normalForm>Third</normalForm>
<attributes itemClass="oracle.dbtools.crest.model.design.logical.Attribute">
<Attribute name="cnpj" id="4C164578-5F6F-881D-4089-EFD6B70AA7C2">
<createdBy>felip</createdBy>
<createdTime>2020-04-09 00:37:27 UTC</createdTime>
<ownerDesignName>modelo_logico_relacional</ownerDesignName>
<engineerTo>
<item key="784B2550-A4EE-D540-0102-320698221025" value="true"/>
</engineerTo>
<use>0</use>
<ownDataTypeParameters>,,</ownDataTypeParameters>
</Attribute>
<Attribute name="razao_social" id="E7035F2E-F22B-C0E0-3AC6-2A6FA3383880">
<createdBy>arthu</createdBy>
<createdTime>2020-04-23 19:48:16 UTC</createdTime>
<ownerDesignName>modelo_logico_relacional</ownerDesignName>
<engineerTo>
<item key="784B2550-A4EE-D540-0102-320698221025" value="true"/>
</engineerTo>
<use>0</use>
<ownDataTypeParameters>,,</ownDataTypeParameters>
</Attribute>
<Attribute name="id" id="5512BC82-0C43-0274-54A7-3FB4836B431A">
<createdBy>arthu</createdBy>
<createdTime>2020-06-04 01:12:07 UTC</createdTime>
<ownerDesignName>modelo_logico_relacional</ownerDesignName>
<engineerTo>
<item key="784B2550-A4EE-D540-0102-320698221025" value="true"/>
</engineerTo>
<use>0</use>
<ownDataTypeParameters>,,</ownDataTypeParameters>
</Attribute>
</attributes>
<identifiers itemClass="oracle.dbtools.crest.model.design.logical.CandidateKey">
<identifier id="CA75549E-0452-E510-0669-279BE4BD539C" name="cliente pj PK">
<createdBy>arthu</createdBy>
<createdTime>2020-04-23 12:09:28 UTC</createdTime>
<ownerDesignName>modelo_logico_relacional</ownerDesignName>
<engineerTo>
<item key="784B2550-A4EE-D540-0102-320698221025" value="true"/>
</engineerTo>
<pk>true</pk>
<usedAttributes>
<attributeRef>5512BC82-0C43-0274-54A7-3FB4836B431A</attributeRef>
</usedAttributes>
</identifier>
<identifier id="4F654E15-8BD4-B64C-0A29-BA16AAE8E859" name="cliente_pj_unico_cnpj">
<createdBy>leomg</createdBy>
<createdTime>2020-05-08 21:34:37 UTC</createdTime>
<ownerDesignName>modelo_logico_relacional</ownerDesignName>
<engineerTo>
<item key="784B2550-A4EE-D540-0102-320698221025" value="true"/>
</engineerTo>
<newElementsIDs>4C164578-5F6F-881D-4089-EFD6B70AA7C2</newElementsIDs>
<usedAttributes>
<attributeRef>4C164578-5F6F-881D-4089-EFD6B70AA7C2</attributeRef>
</usedAttributes>
</identifier>
</identifiers>
</Entity>