<?xml version = '1.0' encoding = 'UTF-8'?>
<Entity class="oracle.dbtools.crest.model.design.logical.Entity" directorySegmentName="seg_0" id="BE39BD59-2DF4-0ED6-5B64-D7CCA0EBA4C3" name="Vistoria">
<createdBy>felip</createdBy>
<createdTime>2020-04-01 01:14:36 UTC</createdTime>
<ownerDesignName>modelo_logico_relacional</ownerDesignName>
<engineerTo>
<item key="784B2550-A4EE-D540-0102-320698221025" value="true"/>
</engineerTo>
<adequatelyNormalized>NO</adequatelyNormalized>
<expectedVolumes>0</expectedVolumes>
<fwdEngineeringStrategyName>Single Table</fwdEngineeringStrategyName>
<growthPercent>0</growthPercent>
<growthType>Year</growthType>
<maxVolumes>9999999</maxVolumes>
<minVolumes>0</minVolumes>
<normalForm>Third</normalForm>
<attributes itemClass="oracle.dbtools.crest.model.design.logical.Attribute">
<Attribute name="ordem servico" id="AB9B2F29-2F81-B5DB-8023-C0E17ACB29EF">
<createdBy>felip</createdBy>
<createdTime>2020-04-09 00:54:11 UTC</createdTime>
<ownerDesignName>modelo_logico_relacional</ownerDesignName>
<engineerTo>
<item key="784B2550-A4EE-D540-0102-320698221025" value="true"/>
</engineerTo>
<use>0</use>
<ownDataTypeParameters>,,</ownDataTypeParameters>
</Attribute>
<Attribute name="data" id="020B1789-8A0F-E6C1-76ED-8E4246DBAEA0">
<createdBy>felip</createdBy>
<createdTime>2020-04-09 00:52:37 UTC</createdTime>
<ownerDesignName>modelo_logico_relacional</ownerDesignName>
<engineerTo>
<item key="784B2550-A4EE-D540-0102-320698221025" value="true"/>
</engineerTo>
<use>0</use>
<ownDataTypeParameters>,,</ownDataTypeParameters>
</Attribute>
<Attribute name="descricao" id="8F56A3AC-79B4-F2D0-0813-497AD90D8BE9">
<createdBy>arthu</createdBy>
<createdTime>2020-04-23 19:39:22 UTC</createdTime>
<ownerDesignName>modelo_logico_relacional</ownerDesignName>
<engineerTo>
<item key="784B2550-A4EE-D540-0102-320698221025" value="true"/>
</engineerTo>
<use>0</use>
<ownDataTypeParameters>,,</ownDataTypeParameters>
</Attribute>
<Attribute name="id" id="90C622D0-1251-0E36-F790-BC15E0CBC2EF">
<createdBy>leomg</createdBy>
<createdTime>2020-05-01 19:33:41 UTC</createdTime>
<generatorID>03A9B034-A541-F310-C8AD-67121721D790</generatorID>
<ownerDesignName>modelo_logico_relacional</ownerDesignName>
<engineerTo>
<item key="784B2550-A4EE-D540-0102-320698221025" value="true"/>
</engineerTo>
<referedAttribute>06792D38-2FB1-24FC-3207-B260ABC763F3</referedAttribute>
<use>0</use>
<ownDataTypeParameters>,,</ownDataTypeParameters>
</Attribute>
<Attribute name="placa" id="D6E449BD-EE2E-FE67-3A5B-B49B005F30B0">
<createdBy>leomg</createdBy>
<createdTime>2020-05-05 22:45:13 UTC</createdTime>
<generatorID>115968C1-3EE0-261C-588F-392E3B17DE8C</generatorID>
<ownerDesignName>modelo_logico_relacional</ownerDesignName>
<engineerTo>
<item key="784B2550-A4EE-D540-0102-320698221025" value="true"/>
</engineerTo>
<referedAttribute>15BC485D-C548-6F09-E8F0-BE8087ED2F0E</referedAttribute>
<use>0</use>
<ownDataTypeParameters>,,</ownDataTypeParameters>
</Attribute>
<Attribute name="id1" id="8A3A83E2-F997-F77A-2059-ECDD11B46A9E">
<createdBy>arthu</createdBy>
<createdTime>2020-06-04 01:20:27 UTC</createdTime>
<generatorID>EB40113F-2DF3-192D-6E81-4A191C4C3F25</generatorID>
<ownerDesignName>modelo_logico_relacional</ownerDesignName>
<engineerTo>
<item key="784B2550-A4EE-D540-0102-320698221025" value="true"/>
</engineerTo>
<referedAttribute>7DA01A8D-1610-3433-FA87-05B1A3D6DCA1</referedAttribute>
<use>0</use>
<ownDataTypeParameters>,,</ownDataTypeParameters>
</Attribute>
</attributes>
<identifiers itemClass="oracle.dbtools.crest.model.design.logical.CandidateKey">
<identifier id="DCD448AA-95AA-D009-B422-44AD3927C652" name="Vistoria PK">
<createdBy>arthu</createdBy>
<createdTime>2020-04-23 12:09:58 UTC</createdTime>
<ownerDesignName>modelo_logico_relacional</ownerDesignName>
<engineerTo>
<item key="784B2550-A4EE-D540-0102-320698221025" value="true"/>
</engineerTo>
<pk>true</pk>
<usedAttributes>
<attributeRef>AB9B2F29-2F81-B5DB-8023-C0E17ACB29EF</attributeRef>
</usedAttributes>
</identifier>
</identifiers>
</Entity>