<?xml version = '1.0' encoding = 'UTF-8'?>
<Diagram class="oracle.dbtools.crest.swingui.logical.DPVLogical" name="Logical" id="EE4807D3-F36B-741A-0EC0-522FD5ED8FF8">
<createdBy>felip</createdBy>
<modifiedBy>felip</modifiedBy>
<createdTime>2020-03-31 22:43:05 UTC</createdTime>
<autoRoute>false</autoRoute>
<boxInbox>true</boxInbox>
<showLegend>false</showLegend>
<showLabels>false</showLabels>
<showRelAttributes>false</showRelAttributes>
<gridEnabled>false</gridEnabled>
<showGrid>false</showGrid>
<diagramColor>-1</diagramColor>
<display>false</display>
<notation>1</notation>
<objectViews>
<OView class="oracle.dbtools.crest.swingui.logical.TVEntity" oid="04187822-9C6E-485F-277C-955053A92073" otype="Entity" vid="8D9E6943-10D6-F535-7190-DE179702E4C1">
<hideElementsInCurrentOnly>false</hideElementsInCurrentOnly>
<bounds x="30" y="101" width="100" height="63"/>
</OView>
<OView class="oracle.dbtools.crest.swingui.logical.TVEntity" oid="0B4DD165-0F10-BBC7-D2C0-20633FDA5166" otype="Entity" vid="64F2C92C-BDD5-CE03-AC2E-28A970493A53">
<hideElementsInCurrentOnly>false</hideElementsInCurrentOnly>
<bounds x="18" y="24" width="122" height="235"/>
</OView>
<OView class="oracle.dbtools.crest.swingui.logical.TVEntity" oid="245846F3-E498-2614-ECAE-07B023682573" otype="Entity" vid="7266E663-EBF7-3F59-9078-D8D5146A7368">
<hideElementsInCurrentOnly>false</hideElementsInCurrentOnly>
<bounds x="596" y="358" width="140" height="56"/>
</OView>
<OView class="oracle.dbtools.crest.swingui.logical.TVEntity" oid="372F6F55-8C37-3429-E82C-CAC6A79869FD" otype="Entity" vid="1BD56BBA-6C61-F46E-72E3-54020B10F30F">
<hideElementsInCurrentOnly>false</hideElementsInCurrentOnly>
<bounds x="393" y="174" width="139" height="112"/>
</OView>
<OView class="oracle.dbtools.crest.swingui.logical.TVEntity" oid="43C2B1FC-92AA-9B32-FC67-C3A241B51DF9" otype="Entity" vid="FA600BA6-5C9A-CA11-EB35-2000A9957275">
<hideElementsInCurrentOnly>false</hideElementsInCurrentOnly>
<bounds x="604" y="207" width="129" height="64"/>
</OView>
<OView class="oracle.dbtools.crest.swingui.logical.TVEntity" oid="4B5466F3-09FD-537F-3C71-FBF968882ED8" otype="Entity" vid="75830EDF-5884-1A35-15D0-8094697017EE">
<hideElementsInCurrentOnly>false</hideElementsInCurrentOnly>
<bounds x="268" y="312" width="122" height="58"/>
</OView>
<OView class="oracle.dbtools.crest.swingui.logical.TVEntity" oid="644B2F1B-2418-460C-EA85-A23A2353751B" otype="Entity" vid="2CF9878E-9F58-5483-EF95-573AA251C90D">
<hideElementsInCurrentOnly>false</hideElementsInCurrentOnly>
<bounds x="262" y="444" width="127" height="75"/>
</OView>
<OView class="oracle.dbtools.crest.swingui.logical.TVEntity" oid="7A8A9E3C-8E8F-E1A9-DF6F-53F63278F275" otype="Entity" vid="316D0F14-F7E1-6F34-C333-910A5F5EBC5F">
<hideElementsInCurrentOnly>false</hideElementsInCurrentOnly>
<bounds x="214" y="45" width="143" height="84"/>
</OView>
<OView class="oracle.dbtools.crest.swingui.logical.TVEntity" oid="7F18F46A-23B8-EA25-8F4C-7AD5C56976DB" otype="Entity" vid="D9F753D5-C875-129B-564C-F738A39B36DD">
<hideElementsInCurrentOnly>false</hideElementsInCurrentOnly>
<bounds x="803" y="156" width="132" height="141"/>
</OView>
<OView class="oracle.dbtools.crest.swingui.logical.TVEntity" oid="A07B6411-6985-43C2-9ACB-4210D6A17FA6" otype="Entity" vid="1CB64552-C99E-D35B-E7A8-96FA4D50CABC">
<hideElementsInCurrentOnly>false</hideElementsInCurrentOnly>
<bounds x="30" y="180" width="100" height="67"/>
</OView>
<OView class="oracle.dbtools.crest.swingui.logical.TVEntity" oid="BE39BD59-2DF4-0ED6-5B64-D7CCA0EBA4C3" otype="Entity" vid="8DA17C4D-08D5-FD40-82E8-F38A0C8D360E">
<hideElementsInCurrentOnly>false</hideElementsInCurrentOnly>
<bounds x="601" y="53" width="139" height="55"/>
</OView>
<OView class="oracle.dbtools.crest.swingui.logical.TVEntity" oid="C0BE5A42-BFCA-2DE3-49FE-139E7EA9D363" otype="Entity" vid="F68ED8A4-91FF-294D-B022-0FD02E3EAE11">
<hideElementsInCurrentOnly>false</hideElementsInCurrentOnly>
<bounds x="17" y="446" width="129" height="66"/>
</OView>
</objectViews>
<connectors>
<Connector class="oracle.dbtools.crest.swingui.logical.TVRelation" oid="03A9B034-A541-F310-C8AD-67121721D790" otype="Relation" vid_source="1BD56BBA-6C61-F46E-72E3-54020B10F30F" vid_target="8DA17C4D-08D5-FD40-82E8-F38A0C8D360E">
<hideElementsInCurrentOnly>false</hideElementsInCurrentOnly>
<backgroundColor>-16777216</backgroundColor>
<lineWidth>1</lineWidth>
<points>
<point x="478" y="174"/>
<point x="478" y="74"/>
<point x="601" y="74"/>
</points>
</Connector>
<Connector class="oracle.dbtools.crest.swingui.logical.TVRelation" oid="07A5FB00-725A-F893-0EA8-39D0A33B17EA" otype="Relation" vid_source="FA600BA6-5C9A-CA11-EB35-2000A9957275" vid_target="1BD56BBA-6C61-F46E-72E3-54020B10F30F">
<hideElementsInCurrentOnly>false</hideElementsInCurrentOnly>
<backgroundColor>-16777216</backgroundColor>
<lineWidth>1</lineWidth>
<points>
<point x="604" y="239"/>
<point x="532" y="239"/>
</points>
</Connector>
<Connector class="oracle.dbtools.crest.swingui.logical.TVRelation" oid="12436415-3BAE-C961-F25E-C338CB5400A2" otype="Relation" vid_source="D9F753D5-C875-129B-564C-F738A39B36DD" vid_target="FA600BA6-5C9A-CA11-EB35-2000A9957275">
<hideElementsInCurrentOnly>false</hideElementsInCurrentOnly>
<backgroundColor>-16777216</backgroundColor>
<lineWidth>1</lineWidth>
<points>
<point x="803" y="239"/>
<point x="733" y="239"/>
</points>
</Connector>
<Connector class="oracle.dbtools.crest.swingui.logical.TVRelation" oid="1F81F50F-92C5-D3CA-DC13-EFAC96263C86" otype="Relation" vid_source="1BD56BBA-6C61-F46E-72E3-54020B10F30F" vid_target="75830EDF-5884-1A35-15D0-8094697017EE">
<hideElementsInCurrentOnly>false</hideElementsInCurrentOnly>
<backgroundColor>-16777216</backgroundColor>
<lineWidth>1</lineWidth>
<points>
<point x="393" y="215"/>
<point x="329" y="215"/>
<point x="329" y="312"/>
</points>
</Connector>
<Connector class="oracle.dbtools.crest.swingui.logical.TVRelation" oid="231FFB78-8108-C75E-543B-68502597A1AA" otype="Relation" vid_source="64F2C92C-BDD5-CE03-AC2E-28A970493A53" vid_target="316D0F14-F7E1-6F34-C333-910A5F5EBC5F">
<hideElementsInCurrentOnly>false</hideElementsInCurrentOnly>
<backgroundColor>-16777216</backgroundColor>
<lineWidth>1</lineWidth>
<points>
<point x="140" y="154"/>
<point x="285" y="154"/>
<point x="285" y="129"/>
</points>
</Connector>
<Connector class="oracle.dbtools.crest.swingui.logical.TVRelation" oid="3B4CECE6-9DC0-88C5-B60F-91A37482A3DD" otype="Relation" vid_source="D9F753D5-C875-129B-564C-F738A39B36DD" vid_target="2CF9878E-9F58-5483-EF95-573AA251C90D">
<hideElementsInCurrentOnly>false</hideElementsInCurrentOnly>
<backgroundColor>-16777216</backgroundColor>
<lineWidth>1</lineWidth>
<points>
<point x="895" y="297"/>
<point x="895" y="481"/>
<point x="389" y="481"/>
</points>
</Connector>
<Connector class="oracle.dbtools.crest.swingui.logical.TVInheritanceRelation" oid="3E9B1FF7-2D74-599E-DF19-760B974AAC7A" otype="Hierarchy relation" vid_source="64F2C92C-BDD5-CE03-AC2E-28A970493A53" vid_target="1CB64552-C99E-D35B-E7A8-96FA4D50CABC">
<hideElementsInCurrentOnly>false</hideElementsInCurrentOnly>
<backgroundColor>-65536</backgroundColor>
<lineWidth>1</lineWidth>
</Connector>
<Connector class="oracle.dbtools.crest.swingui.logical.TVInheritanceRelation" oid="3F8CE52F-C2CB-B3FF-3CF6-101DF1B1D53F" otype="Hierarchy relation" vid_source="64F2C92C-BDD5-CE03-AC2E-28A970493A53" vid_target="8D9E6943-10D6-F535-7190-DE179702E4C1">
<hideElementsInCurrentOnly>false</hideElementsInCurrentOnly>
<backgroundColor>-65536</backgroundColor>
<lineWidth>1</lineWidth>
</Connector>
<Connector class="oracle.dbtools.crest.swingui.logical.TVRelation" oid="67AD90B2-F010-811C-EE52-7AD973D7FF61" otype="Relation" vid_source="D9F753D5-C875-129B-564C-F738A39B36DD" vid_target="7266E663-EBF7-3F59-9078-D8D5146A7368">
<hideElementsInCurrentOnly>false</hideElementsInCurrentOnly>
<backgroundColor>-16777216</backgroundColor>
<lineWidth>1</lineWidth>
<points>
<point x="838" y="297"/>
<point x="838" y="390"/>
<point x="736" y="390"/>
</points>
</Connector>
<Connector class="oracle.dbtools.crest.swingui.logical.TVRelation" oid="77984B20-1A29-AA6D-2F9F-E9D0D445AE73" otype="Relation" vid_source="2CF9878E-9F58-5483-EF95-573AA251C90D" vid_target="75830EDF-5884-1A35-15D0-8094697017EE">
<hideElementsInCurrentOnly>false</hideElementsInCurrentOnly>
<backgroundColor>-16777216</backgroundColor>
<lineWidth>1</lineWidth>
<points>
<point x="328" y="444"/>
<point x="328" y="370"/>
</points>
</Connector>
<Connector class="oracle.dbtools.crest.swingui.logical.TVRelation" oid="828AB212-5785-5E3B-CD06-D2F3447FFE78" otype="Relation" vid_source="1BD56BBA-6C61-F46E-72E3-54020B10F30F" vid_target="7266E663-EBF7-3F59-9078-D8D5146A7368">
<hideElementsInCurrentOnly>false</hideElementsInCurrentOnly>
<backgroundColor>-16777216</backgroundColor>
<lineWidth>1</lineWidth>
<points>
<point x="466" y="286"/>
<point x="466" y="390"/>
<point x="596" y="390"/>
</points>
</Connector>
<Connector class="oracle.dbtools.crest.swingui.logical.TVRelation" oid="A4DA8BDD-260C-46BF-8792-961DBA8DE651" otype="Relation" vid_source="F68ED8A4-91FF-294D-B022-0FD02E3EAE11" vid_target="2CF9878E-9F58-5483-EF95-573AA251C90D">
<hideElementsInCurrentOnly>false</hideElementsInCurrentOnly>
<backgroundColor>-16777216</backgroundColor>
<lineWidth>1</lineWidth>
<points>
<point x="146" y="479"/>
<point x="262" y="479"/>
</points>
</Connector>
<Connector class="oracle.dbtools.crest.swingui.logical.TVRelation" oid="E7D57174-5FD4-0A13-B521-9AE31AFDF577" otype="Relation" vid_source="316D0F14-F7E1-6F34-C333-910A5F5EBC5F" vid_target="1BD56BBA-6C61-F46E-72E3-54020B10F30F">
<hideElementsInCurrentOnly>false</hideElementsInCurrentOnly>
<backgroundColor>-16777216</backgroundColor>
<lineWidth>1</lineWidth>
<points>
<point x="357" y="79"/>
<point x="451" y="79"/>
<point x="451" y="174"/>
</points>
</Connector>
<Connector class="oracle.dbtools.crest.swingui.logical.TVRelation" oid="EB40113F-2DF3-192D-6E81-4A191C4C3F25" otype="Relation" vid_source="D9F753D5-C875-129B-564C-F738A39B36DD" vid_target="8DA17C4D-08D5-FD40-82E8-F38A0C8D360E">
<hideElementsInCurrentOnly>false</hideElementsInCurrentOnly>
<backgroundColor>-16777216</backgroundColor>
<lineWidth>1</lineWidth>
<points>
<point x="864" y="156"/>
<point x="864" y="82"/>
<point x="740" y="82"/>
</points>
</Connector>
</connectors>
</Diagram>