<?xml version = '1.0' encoding = 'UTF-8'?>
<Relation class="oracle.dbtools.crest.model.design.logical.Relation" name="Relation_16" directorySegmentName="seg_0" id="3369E243-9A03-F402-FAC3-7A642AF3A4FF">
<createdBy>arthu</createdBy>
<createdTime>2020-04-23 23:45:29 UTC</createdTime>
<ownerDesignName>modelo_relacional</ownerDesignName>
<engineerTo>
<item key="784B2550-A4EE-D540-0102-320698221025" value="true"/>
</engineerTo>
<sourcePk>CA75549E-0452-E510-0669-279BE4BD539C</sourcePk>
<identifying>false</identifying>
<optionalSource>true</optionalSource>
<optionalTarget>false</optionalTarget>
<sourceCardinality>1</sourceCardinality>
<sourceEntity>A07B6411-6985-43C2-9ACB-4210D6A17FA6</sourceEntity>
<targetCardinalityString>*</targetCardinalityString>
<targetEntity>7A8A9E3C-8E8F-E1A9-DF6F-53F63278F275</targetEntity>
<transferable>true</transferable>
<deleteRule>NO ACTION</deleteRule>
</Relation>