<?xml version = '1.0' encoding = 'UTF-8'?>
<Relation class="oracle.dbtools.crest.model.design.logical.Relation" name="Relation_19" directorySegmentName="seg_0" id="676B24F1-DE1D-8E0E-25EB-B784F1231683">
<createdBy>leomg</createdBy>
<createdTime>2020-05-05 22:35:51 UTC</createdTime>
<ownerDesignName>modelo_relacional</ownerDesignName>
<engineerTo>
<item key="784B2550-A4EE-D540-0102-320698221025" value="true"/>
</engineerTo>
<sourcePk>19C28F0F-336B-1820-8A7D-E51DB7753C52</sourcePk>
<identifying>false</identifying>
<optionalSource>true</optionalSource>
<optionalTarget>false</optionalTarget>
<sourceCardinality>1</sourceCardinality>
<sourceEntity>C0BE5A42-BFCA-2DE3-49FE-139E7EA9D363</sourceEntity>
<targetCardinalityString>*</targetCardinalityString>
<targetEntity>644B2F1B-2418-460C-EA85-A23A2353751B</targetEntity>
<transferable>true</transferable>
<deleteRule>NO ACTION</deleteRule>
</Relation>