<?xml version = '1.0' encoding = 'UTF-8'?>
<Relation class="oracle.dbtools.crest.model.design.logical.Relation" name="Relation_14" directorySegmentName="seg_0" id="77984B20-1A29-AA6D-2F9F-E9D0D445AE73">
<createdBy>felip</createdBy>
<createdTime>2020-04-01 01:39:59 UTC</createdTime>
<ownerDesignName>modelo_relacional</ownerDesignName>
<engineerTo>
<item key="784B2550-A4EE-D540-0102-320698221025" value="true"/>
</engineerTo>
<sourcePk>9664A367-CFE6-C3FF-55C3-72F8503657D6</sourcePk>
<identifying>false</identifying>
<optionalSource>true</optionalSource>
<optionalTarget>false</optionalTarget>
<sourceCardinality>1</sourceCardinality>
<sourceEntity>644B2F1B-2418-460C-EA85-A23A2353751B</sourceEntity>
<targetCardinalityString>*</targetCardinalityString>
<targetEntity>4B5466F3-09FD-537F-3C71-FBF968882ED8</targetEntity>
<transferable>true</transferable>
<deleteRule>NO ACTION</deleteRule>
</Relation>