<?xml version = '1.0' encoding = 'UTF-8'?>
<Table class="oracle.dbtools.crest.model.design.relational.Table" directorySegmentName="seg_0" id="C6E24A94-D6B7-79C2-C845-61EF830314E1" name="Compras_Produtos">
<createdBy>leomg</createdBy>
<createdTime>2020-06-17 19:35:41 UTC</createdTime>
<ownerDesignName>modelo_logico_relacional</ownerDesignName>
<ordsAlias>table_13</ordsAlias>
<allowColumnReorder>false</allowColumnReorder>
<existDependencyGenerateInDDl>true</existDependencyGenerateInDDl>
<parsed>true</parsed>
<columns itemClass="oracle.dbtools.crest.model.design.relational.Column">
<Column name="Compras_id" id="4B305516-08C9-CD4B-C4FF-430D1F596CA7">
<createdBy>leomg</createdBy>
<createdTime>2020-06-17 19:36:25 UTC</createdTime>
<ownerDesignName>modelo_logico_relacional</ownerDesignName>
<useDomainConstraints>false</useDomainConstraints>
<use>1</use>
<logicalDatatype>LOGDT011</logicalDatatype>
<ownDataTypeParameters>,,</ownDataTypeParameters>
<previousColumn>false</previousColumn>
<autoIncrementCycle>false</autoIncrementCycle>
<associations>
<colAssociation fkAssociation="1E9F9717-5B56-4726-E885-E5D68DDD0439" referredColumn="B1C09C8D-CCF5-839D-7763-3B1C11A07724"/>
</associations>
</Column>
<Column name="quantidade" id="24A19E01-AD29-6698-7C84-63475600F55A">
<createdBy>leomg</createdBy>
<createdTime>2020-06-17 19:40:37 UTC</createdTime>
<ownerDesignName>modelo_logico_relacional</ownerDesignName>
<useDomainConstraints>false</useDomainConstraints>
<use>1</use>
<logicalDatatype>LOGDT011</logicalDatatype>
<ownDataTypeParameters>,,</ownDataTypeParameters>
<autoIncrementCycle>false</autoIncrementCycle>
</Column>
<Column name="Produtos_id" id="C6F35CD2-1F05-C876-EF45-2E3CC64AA522">
<createdBy>leomg</createdBy>
<createdTime>2020-06-17 19:57:09 UTC</createdTime>
<ownerDesignName>modelo_logico_relacional</ownerDesignName>
<useDomainConstraints>false</useDomainConstraints>
<use>1</use>
<logicalDatatype>LOGDT011</logicalDatatype>
<ownDataTypeParameters>,,</ownDataTypeParameters>
<previousColumn>false</previousColumn>
<autoIncrementCycle>false</autoIncrementCycle>
<associations>
<colAssociation fkAssociation="1D3AEC43-D628-92AA-841E-DABCE8C55461" referredColumn="82B47CBF-516E-D770-293E-942CC38EC7A2"/>
</associations>
</Column>
</columns>
<indexes itemClass="oracle.dbtools.crest.model.design.relational.Index">
<ind_PK_UK id="DD55C4F8-E38C-F46E-B152-D3336CF1F991" name="Compras_Produtos__UN">
<createdBy>leomg</createdBy>
<createdTime>2020-06-17 19:58:20 UTC</createdTime>
<ownerDesignName>modelo_logico_relacional</ownerDesignName>
<indexState>Unique Constraint</indexState>
<isSurrogateKey>false</isSurrogateKey>
<indexColumnUsage>
<colUsage columnID="4B305516-08C9-CD4B-C4FF-430D1F596CA7"/>
<colUsage columnID="C6F35CD2-1F05-C876-EF45-2E3CC64AA522"/>
</indexColumnUsage>
</ind_PK_UK>
<ind_PK_UK id="65457A4A-3BC5-63AE-1792-708A4CCA1385" name="Compras_Produtos_Produtos_FK">
<createdBy>leomg</createdBy>
<createdTime>2020-06-17 19:57:09 UTC</createdTime>
<ownerDesignName>modelo_logico_relacional</ownerDesignName>
<indexState>Foreign Key</indexState>
<isSurrogateKey>false</isSurrogateKey>
<indexColumnUsage>
<colUsage columnID="C6F35CD2-1F05-C876-EF45-2E3CC64AA522"/>
</indexColumnUsage>
</ind_PK_UK>
<ind_PK_UK id="9ED3094F-55FC-2525-464A-93263BC6B339" name="Compras_Produtos_Compras_FK">
<createdBy>leomg</createdBy>
<createdTime>2020-06-17 19:57:11 UTC</createdTime>
<ownerDesignName>modelo_logico_relacional</ownerDesignName>
<indexState>Foreign Key</indexState>
<isSurrogateKey>false</isSurrogateKey>
<indexColumnUsage>
<colUsage columnID="4B305516-08C9-CD4B-C4FF-430D1F596CA7"/>
</indexColumnUsage>
</ind_PK_UK>
</indexes>
</Table>